,wildtype,1. Wine/European ,M3. Mosaic region 3,25. Sake ,1. Wine/European (subclade 4),26. Asian fermentation ,3. Brazilian bioethanol ,13. African palm wine ,10. French Guiana human ,8. Mixed origin ,1. Wine/European (subclade 3),5. French dairy 
r_2333,0.0,0.0,0.6200942358784682,0.0,0.0,0.0,0.6216085816012451,0.5864692943997329,0.6547106601572064,0.0,0.0,0.0
r_0215,0.6300627393660909,0.0,0.0,0.6063875664468545,0.6311338695041692,0.8226911652311726,0.0,0.0,0.6037727273429836,0.6425575995590317,0.0,0.0
r_0352,0.0,0.0,0.0,0.0,0.0,0.0,0.0,0.0,0.6296553071723028,0.0,0.0,0.0
r_1127,0.0,0.0,0.0,0.0,0.7056605751212517,0.6539756584273554,0.684447221064987,0.6142685139564255,0.0,0.0,0.0,0.6233755773851132
r_0018,0.6098508535279026,0.5958103195002684,0.6456083174436018,0.6877106595865242,0.0,0.0,0.5798888760409932,0.751748976587941,0.607785437833207,0.8137169314850291,0.6682521294532162,0.5849924806062132
r_0453,0.0,0.0,0.6654834696975619,0.0,0.0,0.0,0.0,0.0,0.0,0.0,0.6005930971275428,0.7044505611003425
r_3071,0.0,0.0,0.0,0.0,0.0,0.0,0.6720080368972944,0.0,0.0,0.0,0.0,0.0
r_0855,0.0,0.0,0.6707615174320893,0.5874409816154897,0.0,0.6629338106624098,0.7123317483278725,0.0,0.0,0.6708425323420479,0.0,0.0
r_0039,0.0,0.0,0.0,0.0,0.5888645567231605,0.8485216237561033,0.0,0.7677388242937777,0.0,0.0,0.0,0.5632204381954191
r_0353,0.0,0.5722666330101316,0.0,0.0,0.0,0.0,0.6391037758570315,0.0,0.6431651901293602,0.5618363733576194,0.0,0.7344124390820217
r_0033,0.0,0.0,0.0,0.729876611780903,0.0,0.0,0.0,0.0,0.0,0.0,0.0,0.0
r_3309,0.0,0.0,0.0,0.0,0.0,0.0,0.0,0.0,0.0,0.0,0.0,0.6105875436721271
r_2496,0.700785546795475,0.737542370053422,0.0,0.5740000417631428,0.5960701535265807,0.0,0.7032343422025358,0.6241758719491755,0.0,0.7912383773988247,0.7134402637267341,0.0
r_2479,0.0,0.0,0.0,0.0,0.0,0.0,0.0,0.0,0.0,0.0,0.0,0.6241569581535492
r_0062,0.0,0.0,0.0,0.0,0.0,0.6473384560919786,0.0,0.0,0.0,0.0,0.6002763244502685,0.0
r_0514,0.0,0.0,0.7427275063370299,0.0,0.0,0.0,0.0,0.6136088021423549,0.0,0.0,0.0,0.698844253421268
r_2541,0.0,0.0,0.0,0.0,0.0,0.0,0.6897151874170278,0.0,0.0,0.0,0.0,0.0
r_0735,0.8155609708306772,0.7555497385314649,0.7869554049879072,0.0,0.7292441394857605,0.6604341370247813,0.6900507165058569,0.0,0.0,0.0,0.0,0.6851371335085138
r_0941,0.0,0.0,0.5790909520408327,0.0,0.0,0.0,0.0,0.0,0.0,0.5703944505759508,0.0,0.0
r_3234,0.0,0.0,0.0,0.0,0.0,0.0,0.0,0.0,0.0,0.5684564248279569,0.0,0.0
r_0816,0.746452024261139,0.7376639522717185,0.0,0.7317465873199134,0.6480239981568812,0.6882316206382447,0.8410885024495238,0.7309609847318386,0.0,0.0,0.6397618866853199,0.0
r_1574,0.5646790053380035,0.0,0.0,0.0,0.0,0.0,0.0,0.6281817847911386,0.0,0.0,0.0,0.6524703104060785
r_0727,0.0,0.0,0.7371394505675821,0.0,0.0,0.620645939878977,0.0,0.0,0.6095225502423791,0.0,0.0,0.0
r_1056,0.0,0.0,0.8269400802006803,0.0,0.0,0.0,0.0,0.5791589846717816,0.0,0.0,0.0,0.0
r_1038,0.0,0.0,0.0,0.0,0.0,0.0,0.6011150212740919,0.5697200300105734,0.0,0.7450634309163024,0.7082539287864775,0.0
r_0832,0.7096928321868121,0.0,0.0,0.6109548596775989,0.7116215626867081,0.0,0.5668967719560187,0.0,0.0,0.0,0.0,0.5908321981019062
r_2344,0.0,0.0,0.0,0.6056613668888003,0.0,0.0,0.0,0.0,0.0,0.0,0.0,0.0
r_0759,0.0,0.0,0.0,0.5745558175638444,0.6583877694606749,0.0,0.0,0.0,0.0,0.0,0.0,0.0
r_1265,0.0,0.6861613007110268,0.0,0.613429019087169,0.0,0.0,0.7833729988040159,0.0,0.0,0.7192587914390133,0.6529334998943248,0.7488463139918438
r_3103,0.0,0.0,0.6808323132101103,0.0,0.0,0.6025771102289863,0.5686407003569861,0.0,0.0,0.5703927492174221,0.583396001067909,0.6460764670113193
r_1088,0.0,0.0,0.0,0.0,0.0,0.0,0.0,0.0,0.0,0.0,0.7809703290681903,0.644886153719921
r_1214,0.0,0.0,0.0,0.0,0.7981032968119564,0.0,0.0,0.0,0.0,0.0,0.0,0.7711599218404122
r_0729,0.0,0.0,0.0,0.0,0.0,0.0,0.0,0.6863713555418298,0.0,0.0,0.0,0.0
r_1000,0.0,0.6398773780885716,0.0,0.0,0.0,0.0,0.0,0.0,0.0,0.0,0.0,0.0
r_2863,0.0,0.6180452152210791,0.0,0.0,0.0,0.0,0.0,0.0,0.0,0.0,0.0,0.0
r_0109,0.0,0.0,0.0,0.0,0.0,0.0,0.608524642983487,0.0,0.0,0.0,0.0,0.0
r_2446,0.0,0.0,0.0,0.0,0.0,0.0,0.0,0.0,0.0,0.0,0.7012845708397217,0.0
r_1041,0.5949448346055355,0.0,0.0,0.0,0.0,0.5801420757439828,0.0,0.0,0.0,0.0,0.0,0.589661755722257
r_2379,0.0,0.0,0.0,0.0,0.0,0.0,0.0,0.0,0.0,0.0,0.6369708707092278,0.0
r_0893,0.0,0.0,0.7192432287500902,0.0,0.7985430057119907,0.6299553232349826,0.7032831683338695,0.7611672412620886,0.5670102254303016,0.0,0.5881545193498022,0.6619722081607184
r_0763,0.0,0.0,0.0,0.0,0.0,0.0,0.0,0.0,0.0,0.6716280490757256,0.0,0.0
r_0719,0.6179591560037259,0.5942307849889361,0.0,0.0,0.6462893685110531,0.6729994017882298,0.0,0.6461635789042625,0.0,0.6977068612279648,0.0,0.0
r_2374,0.0,0.0,0.0,0.5990512246100548,0.0,0.0,0.0,0.0,0.0,0.0,0.0,0.0
r_2378,0.0,0.0,0.0,0.6259787092264691,0.0,0.0,0.0,0.0,0.0,0.0,0.0,0.0
r_0678,0.0,0.0,0.0,0.0,0.0,0.0,0.0,0.0,0.6020697725764488,0.7206748293383698,0.0,0.0
r_2468,0.5854135944608673,0.745332171014659,0.6135716518824481,0.6123902836846729,0.7673117953932365,0.7368580221273504,0.667505416561234,0.0,0.8268507100104486,0.5796291831418843,0.5943441515337844,0.6920623365442372
r_3265,0.0,0.0,0.0,0.0,0.0,0.0,0.0,0.0,0.0,0.0,0.6378817115634937,0.0
r_0027,0.6794311548295164,0.704895709175485,0.6565237452635485,0.6617738345140227,0.7329991113799397,0.0,0.7257399300224875,0.8468277820167553,0.7927348852479574,0.7630000878562048,0.0,0.5631905801670573
r_2397,0.0,0.0,0.0,0.0,0.0,0.0,0.0,0.0,0.0,0.0,0.5659639690112954,0.0
r_2376,0.0,0.0,0.0,0.0,0.0,0.0,0.0,0.0,0.0,0.0,0.7103404764163179,0.0
r_1277,0.693080065434048,0.8402395452870248,0.0,0.0,0.7798381899423967,0.0,0.0,0.7557562101793316,0.6865324499486716,0.8682367383963756,0.6549724952215807,0.0
r_0207,0.6901033413086376,0.6316582134124551,0.5694494443078719,0.6946244610253556,0.5848610553267625,0.0,0.7591414627445681,0.0,0.0,0.7207044689241736,0.6554842280984781,0.5931318071449885
r_0463,0.0,0.0,0.0,0.0,0.0,0.7450539848691073,0.6670688487358294,0.0,0.0,0.0,0.0,0.0
r_0957,0.0,0.0,0.0,0.0,0.0,0.0,0.0,0.0,0.0,0.0,0.5720587356270364,0.0
r_0020,0.0,0.0,0.0,0.0,0.0,0.6474114825627149,0.5950039149697272,0.6641784769798913,0.5708687217701144,0.0,0.0,0.638013387933237
r_0959,0.7930913017415768,0.5830816082237518,0.0,0.7331666931942787,0.8558195652691412,0.7242374557250432,0.5943941788686761,0.0,0.0,0.5724022786046514,0.0,0.0
r_0713,0.0,0.0,0.0,0.0,0.6125178301023746,0.0,0.721443260612062,0.0,0.0,0.0,0.6724870697204185,0.0
r_3132,0.0,0.0,0.0,0.0,0.0,0.0,0.0,0.0,0.0,0.0,0.0,0.5928015984469444
r_1022,0.0,0.0,0.0,0.7868501628020641,0.0,0.0,0.610315969109616,0.5777921036387464,0.0,0.0,0.0,0.5671880326479821
r_0916,0.0,0.0,0.0,0.0,0.0,0.0,0.0,0.0,0.0,0.6655209502723123,0.0,0.0
r_2278,0.0,0.0,0.0,0.0,0.0,0.0,0.0,0.0,0.0,0.0,0.0,0.605247684285437
r_0562,0.0,0.0,0.0,0.0,0.0,0.0,0.5615293645249245,0.0,0.0,0.0,0.0,0.0
r_0250,0.0,0.7602995805593653,0.5849911764450689,0.6346356276388376,0.6087701563548578,0.6764329603154763,0.760989152487252,0.819802687056045,0.0,0.0,0.0,0.0
r_0147,0.0,0.0,0.0,0.6225825505992828,0.0,0.0,0.0,0.0,0.0,0.0,0.0,0.0
r_2464,0.6604127957455218,0.5753143572804613,0.0,0.0,0.7273135673947076,0.74829666898887,0.6289285747096365,0.0,0.7191714851923001,0.0,0.0,0.7780556326250092
r_0115,0.0,0.0,0.0,0.5745558175638444,0.6583877694606749,0.0,0.0,0.0,0.0,0.0,0.0,0.0
r_0476,0.0,0.7249937026793372,0.6198860469964909,0.6276732635921976,0.0,0.0,0.6618251712736435,0.7486191869008335,0.5750771209609276,0.0,0.601391216045488,0.6295039093569479
r_0479,0.0,0.0,0.0,0.0,0.0,-0.5748598647168159,0.0,0.0,0.0,0.6307251582289695,0.0,0.0
r_0912,0.0,0.0,0.7241908670459243,0.0,0.0,0.0,0.7057398268900994,0.6258947721494798,0.0,0.616067501210497,0.0,0.0
r_0499,0.0,0.0,0.0,0.0,0.0,0.0,0.7452967796606622,0.0,0.0,0.6693181714935662,0.0,0.0
r_3077,0.0,0.0,0.0,0.0,0.0,0.0,0.6056524998649081,0.0,0.0,0.0,0.0,0.0
r_0961,0.0,0.0,0.0,0.0,0.6569929453820123,0.0,0.0,0.0,0.0,0.0,0.0,0.0
r_1110,0.645761225158825,0.8149821851776837,0.6221377001880238,0.9350906442495115,0.6551081436583532,0.0,0.6822344803275636,0.0,0.0,0.6769916630622663,0.6445137821645126,0.6534033717491579
r_0988,0.7461875958648745,0.582701054906043,0.7397583970806829,0.7775921573287106,0.8971343169302629,0.0,0.625570247771423,0.7039760296801836,0.7697290088939228,0.8740864041148375,0.7165287493032475,0.0
r_2433,0.0,0.0,0.0,0.0,0.0,0.0,0.7176610984743932,0.5737958830456267,0.6344397782080141,0.0,0.0,0.7700023297223836
r_0884,0.0,0.0,0.0,0.0,0.0,0.0,0.0,0.6338250457872663,0.8988973573619864,0.0,0.0,0.0
r_0886,0.5833242018630435,0.0,0.7493177721800275,0.564167312798953,0.7956993350301786,0.7360169487043426,0.0,0.0,0.0,0.0,0.7187030719964701,0.7213554418639805
r_0226,0.0,0.0,0.5810815989166044,0.7672377356745749,0.0,0.0,0.6072888687455009,0.0,0.0,0.0,0.0,0.6034340399675566
r_0546,0.6747466002997402,0.0,0.0,0.0,0.0,0.0,0.0,0.0,0.0,0.0,0.0,0.0
r_0512,0.0,0.0,0.0,0.0,0.0,0.0,0.0,0.6279833356165231,0.0,0.0,0.0,0.7009938687755349
r_1072,0.660476593403877,0.0,0.0,0.6592209700709778,0.6936420942097083,0.7450312200346497,0.0,0.7363515045008229,0.0,0.0,0.0,0.0
r_0510,0.5894503169883514,0.0,0.0,0.0,0.0,0.0,0.0,0.0,0.0,0.0,0.0,0.0
r_1115,0.0,0.0,0.0,0.0,0.0,0.0,0.0,0.0,0.0,0.0,0.0,0.689517528907324
r_2260,0.0,0.0,0.0,0.0,0.0,0.0,0.0,0.0,0.0,0.0,0.0,0.60524768428542
r_0732,0.0,0.0,0.0,0.0,0.0,0.7348020296605029,0.7575220989144975,0.6702855295128118,0.5702119681906122,0.6493836054834717,0.8341487392081529,0.0
r_2176,0.0,0.0,0.0,0.0,0.0,0.0,0.6263707427312019,0.0,0.0,0.0,0.0,0.0
r_0016,0.0,0.0,0.0,0.0,0.0,0.0,0.0,0.0,0.6553442346631282,0.0,0.0,0.5957782225862234
r_1258,0.0,0.0,0.0,0.0,0.0,0.0,0.0,0.0,0.0,0.0,0.5699641170666824,0.0
r_3042,0.0,0.0,0.0,0.0,0.0,0.0,0.0,0.0,0.0,0.6106086634761642,0.0,0.0
r_1136,0.0,0.0,0.0,0.0,0.0,0.0,0.0,0.0,0.0,0.0,0.0,0.6458222993098158
r_1224,0.0,0.0,0.0,0.0,0.6550051854023544,0.0,0.7028352302230217,0.0,0.0,0.575324861355532,0.0,0.0
r_0438,0.0,0.5677981772469267,0.0,0.7763458860388592,0.5866100002492993,0.0,0.65739842569426,0.0,0.0,0.0,0.7452120111214138,0.5772633990715557
r_3079,0.0,0.0,0.0,0.0,0.0,0.0,0.6540854007656135,0.0,0.0,0.0,0.0,0.0
r_2304,0.0,0.5942738752237056,0.0,0.0,0.0,0.0,0.0,0.0,0.0,0.0,0.0,0.0
r_0502,0.0,0.0,0.6463291559196032,0.6158188772528357,0.0,0.7800699471124599,0.7666714300907174,0.0,0.0,0.7277139224403456,0.691036648156636,0.0
r_0701,0.0,0.0,0.0,0.0,0.0,0.0,0.0,0.6578699606683738,0.0,0.5700384821893676,0.0,0.6379061792084452
r_0219,0.6312140541831924,0.0,0.0,0.0,0.0,0.5778576999983653,0.0,0.0,0.6129030117858751,0.0,0.0,0.0
r_2308,0.6685653231644425,0.60281738655016,0.6307558698030884,0.7404203475855837,0.7641371472001677,0.6658629431947585,0.0,0.7157715554629673,0.6754287850576793,0.8051012163112333,0.7379894584174831,0.671818194840937
r_0565,0.0,0.0,0.0,0.0,0.0,0.573269121641051,0.0,0.0,0.0,0.0,0.0,0.6467730698462988
r_1077,0.0,0.0,0.0,0.5801299945557585,0.0,0.0,0.0,0.0,0.0,0.0,0.0,0.0
r_2388,0.0,0.0,0.0,0.0,0.0,0.0,0.0,0.0,0.0,0.0,0.7056027215118068,0.0
r_2262,0.0,0.0,0.0,0.0,0.0,0.0,0.0,0.0,0.0,0.0,0.0,0.6407197283838734
r_2167,0.0,0.0,0.0,0.0,0.0,0.0,0.7953846667187023,0.0,0.0,0.0,0.0,-0.5651426124414538
r_2432,0.0,0.0,0.0,0.0,0.0,0.5616032487535841,0.0,0.0,0.0,0.0,0.0,0.6410276102581866
r_1184,0.0,0.0,0.0,0.0,0.6218292304720656,0.8081463054558446,0.6758612069739092,0.0,0.0,0.0,0.0,0.7661078876673063
r_0131,0.0,0.0,0.0,0.6196455294132899,0.0,0.0,0.0,0.0,0.0,0.0,0.0,0.0
r_0451,0.7322776855923457,0.0,0.0,0.0,0.5867275511686447,0.0,0.0,0.0,0.0,0.0,0.0,0.0
r_0818,0.0,0.0,0.0,0.0,0.6179981284387028,0.0,0.0,0.0,0.0,0.6409047158560633,0.0,0.0
r_0908,0.0,0.0,0.7053164210560953,0.679222563840554,0.0,0.0,0.6589080529017568,0.0,0.0,0.0,0.0,0.0
r_0152,0.0,0.0,0.0,0.0,0.0,0.7499212742027247,0.5703407119591146,0.0,0.0,0.6206002973234416,0.0,0.0
r_0211,0.7438036640231263,0.0,0.6950787794761845,0.0,0.0,0.5794965232151639,0.6561963371533885,0.0,0.7221867771097702,0.6031106459050875,0.0,0.0
r_0662,0.0,0.6050481980471218,0.0,0.0,0.0,0.0,0.0,0.0,0.0,0.0,0.0,0.61324707360271
r_0073,0.0,0.0,0.0,0.0,0.0,0.0,0.0,0.0,0.0,0.0,0.6821189317578762,0.0
r_0505,0.6057208756317924,0.0,0.0,0.6564914709177423,0.0,0.0,0.0,0.0,0.0,0.0,0.0,0.659754117863907
r_1161,0.0,0.0,0.0,0.6539790958122466,0.0,0.0,0.0,0.0,0.0,0.0,0.0,0.0
r_0542,0.6786194524092916,0.704895709175485,0.6557243886645334,0.6686283737414406,0.7593378911481038,0.0,0.7257399300224876,0.8444479452268312,0.7914456057414898,0.7780358799802558,0.0,0.0
r_1042,0.0,0.0,0.0,0.0,0.0,0.0,0.0,0.5764381666465297,0.0,0.0,0.617086450435071,0.5942220935610566
r_0958,0.7114482860943525,0.6370117242883684,0.0,0.0,0.0,0.0,0.7166256964430375,0.0,0.0,0.0,0.0,0.0
r_1219,0.649382056942809,0.6192487994952736,0.6305983965262543,0.0,0.8272240394223052,0.8050654646267577,0.7963788396446577,0.7895123925899732,0.0,0.0,0.0,0.0
r_0127,0.0,0.0,0.0,0.5707428888099392,0.0,0.0,0.0,0.0,0.0,0.0,0.0,0.0
r_2166,0.0,0.0,0.0,0.0,0.0,0.0,0.7751192945494577,0.0,0.0,0.0,0.0,0.0
r_2850,0.7445397629952942,0.0,0.0,0.0,0.0,0.0,0.0,0.0,0.0,0.0,0.0,0.0
r_1249,0.0,0.567736794897863,0.0,0.0,0.0,0.0,0.6636105864006072,0.0,0.0,0.7137762966151073,0.0,0.0
r_1147,0.0,0.0,0.0,0.0,0.0,0.0,0.0,0.6264131506427767,0.0,0.0,0.0,0.0
r_4162,0.0,0.0,0.0,0.0,0.0,0.0,0.7819009828318271,0.0,0.0,0.0,0.0,0.0
r_2504,0.700785546795475,0.737542370053422,0.0,0.5740000417631428,0.5960701535265807,0.0,0.7032343422025358,0.6241758719491755,0.0,0.7912383773988247,0.7134402637267341,0.0
r_2492,0.7515847600203678,0.6047446178975977,0.6662443301468591,0.0,0.0,0.7847745184272852,0.0,0.6044691202338706,0.0,0.7868460332486988,0.8388473075874439,0.6395355467772611
r_0982,0.0,0.0,0.0,0.0,0.0,0.5664436284190314,0.6587810157418093,0.0,0.0,0.0,0.6720816134460701,0.0
r_1054,0.8594222769170652,0.0,0.5829157429861995,0.6800353583945893,0.7040521515364264,0.6181840110499368,0.0,0.0,0.7652596263301661,0.0,0.7723872027543766,0.0
r_1266,0.6081651146214954,0.0,0.0,0.0,0.0,0.0,0.0,0.0,0.0,0.0,0.0,0.0
r_1273,0.0,0.7143991593608875,0.0,0.0,0.0,0.0,0.0,0.0,0.0,0.0,0.0,0.0
r_0486,0.0,0.0,0.6262527441674464,0.8287801017418728,0.7862282718769975,0.7080567513719552,0.7082726549444769,0.0,0.765880914853196,0.5618585788277082,0.8045354308025403,0.6765810933771317
r_0173,0.0,0.0,0.0,0.0,0.0,0.0,0.0,0.7145333721173708,0.0,0.0,0.0,0.0
r_0962,0.0,0.0,0.0,0.0,0.5773589256069791,0.0,0.0,0.0,0.0,0.0,0.0,0.6057868843946791
r_0914,0.0,0.0,0.6707615174320893,0.5874409816154897,0.0,0.6629338106624098,0.7123317483278725,0.0,0.0,0.6708425323420479,0.0,0.0
r_0771,0.0,0.0,0.0,0.0,0.0,0.0,0.5753974652060245,0.0,0.0,0.0,0.0,0.0
r_2860,0.0,0.0,0.0,0.0,0.0,0.0,0.0,0.0,0.0,0.0,0.6396935370220074,0.0
r_1254,0.5786950606553776,0.0,0.7017945316063381,0.6362644776188302,0.0,0.8630966735490412,0.5699467481554292,0.0,0.6893353429782263,0.0,0.824673429430752,0.0
r_1223,0.0,0.710332921743277,0.7225431573138652,0.6515949565365057,0.933653766621025,0.5740971896997591,0.6711279568939448,0.0,0.0,0.7659846786352339,0.0,0.0
r_1201,0.6884562621401114,0.6727070688631815,0.7826081435170817,0.8999754588870232,0.5981469896384246,0.9175383890235806,0.8441216239426943,0.8162642829019924,0.0,0.820716826012138,0.0,0.0
r_0956,0.0,0.0,0.0,0.0,0.0,0.0,0.0,0.0,0.0,0.5687164629680191,0.0,0.0
r_0467,0.0,0.583144279621576,0.8725275153898716,0.0,0.8479098829950424,0.5842405419344949,0.0,0.7333127287743259,0.0,0.6120222152070213,0.7830734300240645,0.6812645113519381
r_3262,0.0,0.5930587782969056,0.0,0.0,0.0,0.0,0.0,0.0,0.0,0.0,0.0,0.0
r_3101,0.0,0.0,0.0,0.0,0.6288633790860727,0.0,0.0,0.0,0.0,0.0,0.0,0.0
r_2165,0.0,0.0,0.0,0.0,0.0,0.0,0.7065468399859786,0.0,0.0,0.0,0.0,0.0
r_0711,0.0,0.7250760531932621,0.0,0.0,0.0,0.0,0.5912688446499004,0.0,0.0,0.0,0.0,0.5623452159223233
r_0452,0.0,0.0,0.0,0.0,0.6162295881117729,0.0,0.0,0.0,0.0,0.0,0.0,0.5653589551703415
r_0992,0.0,0.0,0.0,0.0,0.6620149583690849,0.0,0.0,0.0,0.0,0.0,0.0,0.0
r_3183,0.0,0.0,0.0,0.6354731641577425,0.0,0.0,0.0,0.0,0.0,0.0,0.0,0.0
r_2840,0.0,0.0,0.0,0.0,0.0,0.0,0.0,0.5824907635293345,0.0,0.0,0.0,0.0
r_0699,0.0,0.8189496001741878,0.6376668594348591,0.6618514419151815,0.0,0.0,0.0,0.7369141684124262,0.0,0.6788964736237642,0.6108721739298895,0.0
r_2488,0.700785546795475,0.737542370053422,0.0,0.5740000417631342,0.5960701535265807,0.0,0.7032343422025358,0.6241758719491755,0.0,0.7912383773988247,0.7134402637267341,0.0
r_0996,0.0,0.0,0.0,0.0,0.5888645567231605,0.8485216237561033,0.0,0.7677388242937777,0.0,0.0,0.0,0.5632204381954191
r_0918,0.0,0.0,0.0,0.0,0.0,0.0,0.7236236256836468,0.0,0.0,0.0,0.6355149783728782,0.0
r_3081,0.0,0.0,0.0,0.0,0.0,0.0,0.586813334974979,0.0,0.0,0.0,0.0,0.0
r_0112,0.0,0.0,0.0,0.0,0.0,0.0,0.0,0.0,0.5984977986452445,0.0,0.5934989061126084,0.0
r_0307,0.6125557279046995,0.5657441452417571,0.9007098205499837,0.7023671503451921,0.6762002463886102,0.5616111012031411,0.6925412499815703,0.7274363622538058,0.614242233474412,0.6917944805281988,0.5853043785905105,0.0
r_2483,0.6026341100950048,0.0,0.0,0.0,0.0,0.0,0.0,0.0,0.0,0.0,0.0,0.0
r_1057,0.0,0.0,0.606882522427008,0.0,0.0,0.0,0.0,0.6798947532236636,0.0,0.0,0.0,0.571023683454288
r_0548,0.0,0.0,0.0,0.0,0.7349934195018585,0.6844181165280762,0.0,0.0,0.0,0.0,0.0,0.6693943173051708
r_0561,0.0,0.0,0.0,0.0,0.0,0.0,0.0,0.0,0.0,0.5905290547990094,0.0,0.0
r_2034,0.6982094965664789,0.6387676931846978,0.6404050702048626,0.0,0.803337915817405,0.7764977717699513,0.6394286362512718,0.0,0.0,0.0,0.5806160601595214,0.0
r_0179,0.5725394425692488,0.0,0.0,0.0,0.0,0.0,0.0,0.0,0.0,0.0,0.0,0.0
r_0157,0.6994886788294751,0.0,0.0,0.0,0.0,0.0,0.6127049431737851,0.6825873489710832,0.0,0.0,0.0,0.581261738526106
r_0658,0.0,0.5951221365727066,0.0,0.582252335716487,0.0,0.0,0.0,0.0,0.0,0.0,0.6328801724526342,0.7440303112161879
r_2392,0.0,0.0,0.0,0.0,0.0,0.0,0.0,0.0,0.0,0.0,0.6322201381165224,0.0
r_4590,0.6439905825512058,0.0,0.0,0.0,0.0,0.0,0.7322662227424053,0.630907739979308,0.0,0.709935946309842,0.0,0.0
r_3119,0.0,0.0,0.0,0.6354731641577425,0.0,0.0,0.0,0.0,0.0,0.0,0.0,0.0
r_1099,0.6091205540215647,0.0,0.0,0.0,0.762809327825858,0.0,0.0,0.0,0.0,0.0,0.0,0.6276247736303506
r_0487,0.0,0.0,0.0,0.0,0.0,0.0,0.0,0.0,0.0,0.0,0.0,0.6034563246751573
r_1205,0.0,0.0,0.0,0.0,0.70297756207497,0.0,0.0,0.0,0.0,0.0,0.0,0.0
r_3074,0.0,0.0,0.0,0.0,0.0,0.0,0.6130548345323708,0.0,0.0,0.0,0.0,0.0
r_2346,0.0,0.0,0.0,0.0,0.0,0.0,0.0,0.5751564145572532,0.0,0.6209712272907212,0.0,0.0
r_0939,0.0,0.0,0.0,0.0,0.5997887020520632,0.6138138729858007,0.0,0.0,0.0,0.0,0.0,0.6634947990511804
r_0793,0.0,0.0,0.0,0.0,0.0,0.0,0.6065584669456847,0.0,0.0,0.0,0.0,0.0
r_0692,0.0,0.0,0.6126936250990609,0.0,0.0,0.5630955171964006,0.9000499900493142,0.7411526423758292,0.6101052780601327,0.7144754394381202,0.7353133358856889,0.5868821449364279
r_0892,0.6145264756227715,0.0,0.8313150404238547,0.6377643832931481,0.7943622045689356,0.6408397372576476,0.6027997755353451,0.5834936972712397,0.746441865625002,0.7828181579757231,0.8873905881853212,0.6133023357884636
r_0025,0.0,0.0,0.0,0.0,0.0,0.0,0.0,0.5805267648426111,0.0,0.0,0.0,0.0
r_2369,0.0,0.0,0.0,0.6031227641470116,0.0,0.0,0.0,0.0,0.0,0.0,0.0,0.0
r_0214,0.5631749937982156,0.0,0.7753922284176945,0.7860614877876011,0.0,0.7850323428541,0.6773561766412468,0.0,0.0,0.7421511592227905,0.0,0.5902153129832609
r_0220,0.0,0.0,0.0,0.0,0.0,0.0,0.0,0.0,0.0,0.7680240439873853,0.0,0.6146773354231748
r_0310,0.0,0.7194643600538528,0.0,0.7084267619084577,0.0,0.0,0.0,0.0,0.7246368279849706,0.0,0.0,0.0
r_0209,0.0,0.727787280835319,0.7146744968118297,0.0,0.0,0.0,0.0,0.6906359375045478,0.0,0.7296939328245822,0.0,0.626928158283374
r_2179,0.0,0.0,0.0,0.0,0.0,0.0,0.5789406100233541,0.0,0.0,0.0,0.0,0.0
r_0915,0.0,0.0,0.5670692555137016,0.6288361461896409,0.0,0.7012223973075632,0.6775326250903605,0.5895258174181368,0.0,0.5689947140925832,0.5672376238800966,0.6702451372537097
r_2261,0.0,0.0,0.0,0.0,0.0,0.0,0.0,0.0,0.0,0.0,0.0,0.605247684285437
r_0091,0.0,0.0,0.0,0.0,0.0,0.0,0.0,0.0,0.0,0.6368760577646099,0.0,0.0
r_0695,0.0,0.0,0.0,0.0,0.0,0.0,0.0,0.0,0.0,0.6649036225125938,0.0,0.0
r_1237,0.0,0.0,0.0,0.0,0.659514759359874,0.0,0.0,0.0,0.0,0.6303263657654543,0.0,0.0
r_0989,0.6083142040217576,0.0,0.6649961465697288,0.6716855808147045,0.8984538807320959,0.0,0.782463096057906,0.7780771377042093,0.0,0.8899167841348123,0.0,0.0
r_0349,0.0,0.0,0.6010557402694909,0.0,0.0,0.0,0.0,0.0,0.0,0.0,0.0,0.0
r_3231,0.0,0.0,0.7289155321761569,0.0,0.0,0.0,0.6693527162261512,0.0,0.0,0.0,0.0,0.0
r_0539,0.0,0.0,0.0,0.0,0.0,0.0,0.0,0.7637034416165498,0.0,0.0,0.0,0.6064129933487019
r_4592,0.6500498984481308,0.0,0.0,0.0,0.0,0.0,0.7322662227405996,0.6326677910734709,0.0,0.709935946311387,0.0,0.0
r_0208,0.7062013785860872,0.8077331188660858,0.6051919199526657,0.7632849047977801,0.6579453613508394,0.0,0.7746147680578325,0.6758310098714801,0.0,0.724031318827775,0.6966843342869802,0.6447056112091447
r_4185,0.0,0.0,0.0,0.0,0.5822287576690369,0.0,0.0,0.0,0.0,0.0,0.0,0.0
r_2183,0.0,0.0,0.0,0.0,0.6849089154623229,0.0,0.0,0.0,0.730002068660119,0.0,0.6739677243881973,0.0
r_0058,0.0,0.0,0.0,0.0,0.0,0.0,0.0,0.0,0.0,0.0,0.0,0.5780705481746437
r_1216,0.6343264799620723,0.8050019650219925,0.8184373231498381,0.7136685875978492,0.9255234345587238,0.8247304672676377,0.7208499183177058,0.8840503190778403,0.7350189189762968,0.0,0.7547962198769166,0.7134205314858588
r_0366,0.6283591017762986,0.0,0.7910386154687153,0.5926280476674299,0.7157123256952396,0.605648320070727,0.5692188883849887,0.5764772291266465,0.5668124022279667,0.5702054404426766,0.0,0.708477884957061
r_3605,0.0,0.0,0.0,0.0,0.0,0.0,0.0,0.0,0.57840039412115,0.0,0.0,0.0
r_0820,0.0,0.0,0.0,0.0,0.0,0.0,0.0,0.0,0.0,0.0,0.6158580886846806,0.6483298052264053
r_2233,0.0,0.0,0.0,0.0,0.0,0.0,0.0,0.0,0.0,0.5920978759178704,0.0,0.0
r_0821,0.6114922935858955,0.0,0.626807474876584,0.0,0.0,0.0,0.772982299218789,0.0,0.0,0.0,0.7389088120610703,0.0
r_0439,0.6514215024274876,0.6018924047632089,0.5980763866917438,0.8319278011168425,0.6503178602597819,0.0,0.7070577710579395,0.0,0.0,0.5874933826088831,0.5763503194700635,0.6379383496929181
r_0013,0.0,0.0,0.0,0.0,0.0,0.0,0.0,0.6078342605836322,0.0,0.0,0.0,0.0
r_0441,0.0,0.0,0.0,0.0,0.6606858179005597,0.0,0.0,0.0,0.0,0.0,0.0,0.0
r_3080,0.0,0.0,0.0,0.0,0.0,0.0,0.5684790983480601,0.0,0.0,0.0,0.0,0.0
r_0104,0.0,0.0,0.6168620773530819,0.0,0.0,0.0,0.0,0.0,0.0,0.0,0.0,0.0
r_0194,0.5727076686568506,0.0,0.0,0.0,0.0,0.0,0.0,0.0,0.0,0.0,0.0,0.0
r_1089,0.0,0.0,0.0,0.0,0.0,0.0,0.0,0.6207013140232673,0.0,0.5660889445044399,0.0,0.0
r_2382,0.0,0.0,0.0,0.5992819933205351,0.0,0.0,0.0,0.0,0.0,0.0,0.0,0.0
r_3545,0.7981633472355285,0.777257220106983,0.8433488166737819,0.7910351809357605,0.0,0.8256846351612034,0.0,0.8205284090237281,0.670025256969359,0.575867082968816,0.629849234039688,0.7771201990195766
r_3038,0.0,0.0,0.0,0.0,0.0,0.0,0.0,0.0,0.0,0.60727584003687,0.0,0.0
r_0161,0.0,0.0,0.0,0.0,0.0,0.0,0.0,0.0,0.0,0.0,0.0,0.6799681371232899
r_1811,0.0,0.0,0.0,0.0,0.0,0.8199197664532266,0.7760730931605722,0.0,0.7150177586947029,0.673863095058732,0.6426937783537704,0.0
r_0831,0.7096928321868127,0.0,0.0,0.6109548596775989,0.7116215626867071,0.0,0.566896771956018,0.0,0.0,0.0,0.0,0.5908321981019063
r_0446,0.0,0.0,0.0,0.0,0.0,0.818342747924925,0.8148406077607919,0.6581046870988185,0.0,0.6664542150058073,0.8180575931333157,0.0
r_0997,0.0,0.0,0.0,0.0,0.5888645567231605,0.8485216237561033,0.0,0.7677388242937777,0.0,0.0,0.0,0.5632204381954191
r_1004,0.0,0.0,0.0,0.0,0.0,0.0,0.0,0.0,0.0,0.6737034011784566,0.0,0.0
r_0313,0.0,0.0,0.7453409886356228,0.0,0.0,0.0,0.0,0.6597259384605196,0.0,0.0,0.0,0.669650415295122
r_2131,0.0,0.6536602151748672,0.6612572145594499,0.0,0.0,0.0,0.0,0.6119434683530525,0.5846785836559074,0.0,0.6270342525333652,0.6847528319479487
r_0569,0.0,0.0,0.0,0.0,0.0,0.7761350016571993,0.7055140786961687,0.0,0.0,0.6487281340347406,0.0,0.6336550713397228
r_0097,0.0,0.0,0.5622315166981225,0.0,0.0,0.0,0.0,0.0,0.0,0.0,0.0,0.0
r_2405,0.0,0.0,0.0,0.0,0.6341857863252982,0.0,0.0,0.0,0.0,0.0,0.0,0.0
r_0472,0.0,0.0,0.0,0.0,0.0,0.0,0.6403460366333806,0.7363699290975976,0.0,0.0,0.0,0.0
r_2309,0.5688356104279487,0.6854274164182006,0.0,0.0,0.0,0.0,0.0,0.6202116920631449,0.5882723247363173,0.0,0.0,0.657344947026213
r_2266,0.0,0.0,0.0,0.0,-0.5659851054874234,0.0,0.0,0.0,0.0,0.0,0.0,0.5633446203888721
r_0525,0.0,0.0,0.0,0.0,0.0,0.563785328576646,0.0,0.0,0.0,0.0,0.0,0.0
r_2182,0.0,0.0,0.0,0.0,0.0,0.0,0.0,0.0,0.0,0.0,0.0,0.5722663775235068
r_0911,0.0,0.0,0.6442660139435654,0.593113597232628,0.0,0.0,0.7132748091095071,0.0,0.0,0.0,0.0,0.0
r_0153,0.0,0.0,0.0,0.0,0.0,0.7396042124636923,0.629993231056292,0.0,0.0,0.0,0.0,0.0
r_0545,0.5996131298973997,0.0,0.7103234227772683,0.5744052356810002,0.8547713183361658,0.0,0.611483605917327,0.6375099053571253,0.0,0.8318403296717708,0.0,0.0
r_0570,0.0,0.0,0.7241908670459243,0.0,0.0,0.0,0.7057398268900994,0.6258947721494798,0.0,0.616067501210497,0.0,0.0
r_0478,0.0,0.0,0.6445154431808127,0.0,0.0,0.0,0.0,0.5645979541504514,0.0,0.0,0.0,0.0
r_1172,0.0,0.0,0.6932998669010635,0.0,0.0,0.0,0.8879343204022992,0.0,0.0,0.0,0.0,0.0
r_2450,0.0,0.0,0.6218262611714367,0.0,0.0,0.0,0.6323770728064473,0.0,0.656822808016616,0.5739420943826439,0.0,0.0
r_1245,0.0,0.0,0.0,0.8404764638870983,0.7505858563930667,0.0,0.0,0.0,0.0,0.0,0.0,0.6865153355034059
r_0852,0.0,0.0,0.7490921507978003,0.0,0.0,0.0,0.0,0.7367038933443832,0.0,0.0,0.0,0.6916848643033389
r_0560,0.0,0.0,0.6221615752008955,0.0,0.0,0.5717989882743705,0.0,0.0,0.0,0.0,0.0,0.0
r_0079,0.0,0.0,0.6630368154333199,0.5796465982379289,0.0,0.5924736109843032,0.7423173842648854,0.5875713430750985,0.0,0.6846940308337205,0.0,0.0
r_2045,0.0,0.0,0.0,0.0,0.8904545008524596,0.0,0.0,0.5716096689829808,0.0,0.6617449863858684,0.0,0.6329370962653189
r_0341,0.5666368498308254,0.0,0.0,0.0,0.0,0.0,0.0,0.0,0.0,0.0,0.0,0.0
r_3198,0.0,0.0,-0.6073718451355511,0.0,0.0,0.0,0.562473990881004,0.0,0.0,0.0,0.0,0.0
r_0938,0.0,0.0,0.0,0.6029503352440592,0.8128311176035584,0.6594155042565815,0.0,0.6222114589033386,0.0,0.0,0.0,0.0
r_0503,0.0,0.0,0.0,0.0,0.0,0.0,0.0,0.5871135062228088,0.0,0.6332206465684281,0.0,0.0
r_0065,0.0,0.0,0.0,0.0,0.5888645567231605,0.8485216237561033,0.0,0.7677388242937777,0.0,0.0,0.0,0.5632204381954191
r_0015,0.6384511729703952,0.0,0.702956229052351,0.0,0.0,0.0,0.6382699248471297,0.6277386683035064,0.0,0.0,0.0,0.0
r_4703,0.0,0.0,0.0,0.0,0.0,0.0,1.0,0.0,0.0,0.0,0.0,0.0
r_3205,0.0,0.0,0.0,0.0,0.0,0.0,0.7373963798371707,0.0,0.0,0.0,0.0,0.0
r_3817,0.0,0.0,0.0,0.0,0.0,0.6454669884942564,0.0,0.0,0.0,0.0,0.0,0.0
r_0080,0.0,0.0,0.5907264774320587,0.0,0.0,0.0,0.0,0.0,0.0,0.0,0.0,0.0
r_4205,0.0,0.0,0.0,0.0,0.0,0.0,0.0,0.0,0.0,0.0,0.7378362472709581,0.0
r_1200,0.0,-0.6228024965995289,0.0,0.0,0.0,0.0,0.6275961852413716,0.0,0.0,0.0,0.0,0.0
r_2163,0.0,0.0,0.6261446385084026,0.0,-0.6205373908273046,0.0,0.0,0.0,0.0,0.0,0.0,0.0
r_2436,0.0,0.0,0.0,0.0,0.7850427584488091,0.0,0.0,0.0,0.7368368355821042,0.0,0.6129712901418093,0.0
r_0698,0.0,0.0,0.7072341971063855,0.0,0.0,0.0,0.0,0.0,0.0,0.0,0.0,0.0
r_3227,0.0,0.0,0.7540272402992966,0.0,0.0,0.0,0.0,0.0,0.0,-0.6632294748063224,0.0,0.0
r_0300,0.6231495225831176,0.0,0.0,0.709607255509704,0.6990696190191328,0.6207015573590764,0.0,0.0,0.0,0.0,0.0,0.6229386949820724
r_2823,0.0,0.0,0.0,0.0,0.0,0.0,0.0,0.0,0.0,0.0,0.6630104917170394,0.0
r_0468,0.0,0.0,0.5815571222588359,0.6936086937040132,0.0,0.732824486173166,0.0,0.0,0.6093533360785797,0.6188133272901934,0.0,0.6216461727073108
r_0473,0.0,0.0,0.0,0.7639412061437543,0.0,0.0,0.0,0.0,0.0,0.0,0.0,0.0
r_0501,0.8770735511047985,0.8889798123294641,0.9048194449471675,0.857391004671117,0.8353489524497295,0.8883813246735978,0.9174273171774538,0.815834227939287,0.0,0.8699770349649817,0.8351644038740815,0.0
r_0040,0.0,0.0,0.0,0.0,0.5888645567231605,0.8485216237561033,0.0,0.7677388242937777,0.0,0.0,0.0,0.5632204381954191
r_0725,0.0,0.0,0.0,0.0,0.0,0.8233628805291466,0.8184823963639325,0.6591845367785101,0.0,0.668556925107352,0.8204110706470732,0.0
r_2470,0.0,0.0,0.0,0.0,0.0,0.0,0.6024226150932185,0.0,-0.7949887274892361,0.0,0.0,0.0
r_2334,0.0,0.5796396415914429,0.670668187878172,0.5924800692207117,0.0,0.0,0.0,0.6381165445417815,0.5669469224757371,0.0,0.0,0.5624017959953176
r_2132,0.0,0.0,0.0,0.0,0.0,0.0,0.0,0.0,0.0,0.0,0.8569604903002698,0.0
r_1218,0.0,0.0,0.0,0.0,0.6257148362402142,0.0,0.0,0.0,0.0,0.5730283321457963,0.0,0.7970899683236847
r_3823,0.0,0.0,0.0,0.0,0.0,0.0,0.0,0.0,0.0,0.0,0.5631908192897422,0.0
r_0665,0.630792441601501,0.0,0.0,0.0,0.0,0.0,0.0,0.6450001196740296,0.0,0.5637737733864625,0.0,0.0
r_0279,0.0,0.0,0.0,0.0,0.0,0.7916526105325647,0.0,0.57852749554603,0.0,0.0,0.7038513140856859,0.0
r_0903,0.0,0.0,0.0,0.0,0.0,0.0,0.0,0.0,0.0,0.5905290547990094,0.0,0.0
r_2279,0.0,0.0,0.0,0.0,0.0,0.0,0.0,0.0,0.0,0.0,0.0,0.6407197283838734
r_2841,0.0,0.0,0.0,0.0,0.0,0.0,0.0,0.0,0.0,0.5898245825803796,0.0,0.0
r_0471,0.0,0.0,0.0,0.0,0.0,0.0,0.0,0.6170958686331969,0.0,0.0,0.0,0.0
r_2373,0.0,0.0,0.567286753892722,0.0,0.0,0.0,0.0,0.0,0.0,0.0,0.0,0.0
r_0148,0.0,0.0,0.0,0.0,0.0,0.5704282633203579,0.0,0.0,0.6182538032144334,0.0,0.0,0.0
r_0212,0.0,0.0,0.6035296558711536,0.0,0.0,0.0,0.0,0.6213394899297839,0.0,0.5996482131733452,0.0,0.0
r_0445,0.0,0.6809559089762336,0.8041873900606152,0.0,0.6950234234151801,0.0,0.6548192199915366,0.0,0.0,0.0,0.0,0.5655633241103319
r_2447,0.6577605960408395,0.5637707722096673,0.7826783557087535,0.7447342901721987,0.0,0.6030650005710863,0.620635551043361,0.692005101149547,0.8214148379862449,0.7187795668790626,0.5801553902053198,0.5620076375011662
r_1171,0.0,0.0,0.0,0.0,0.0,0.0,0.6819431122133308,0.0,0.0,0.0,0.0,0.0
r_1066,0.0,0.0,0.0,0.0,0.0,0.0,0.0,0.6367552441265881,0.0,0.0,0.0,0.0
r_0891,0.0,0.0,0.0,0.0,0.0,0.0,0.6035409531056874,0.0,0.0,0.0,0.6234429366826058,0.0
r_1838,0.7003798342373586,0.7773424898931454,0.7194095231526261,0.7293108316095708,0.879893402214646,0.0,0.7291831749975554,0.8161498386123073,0.7883714573654403,0.8823364832139602,0.6023120337716035,0.0
r_0118,0.0,0.0,0.0,0.0,0.6182524554441275,0.0,0.0,0.0,0.0,0.0,0.0,0.0
r_0995,0.0,0.0,0.0,0.0,0.0,0.0,0.0,0.0,0.0,0.0,0.0,0.6568195385386991
r_0917,0.0,0.0,0.0,0.0,0.0,0.0,0.5705238546270682,0.0,0.0,0.0,0.6210634333435225,0.0
r_2332,0.0,0.0,0.0,0.0,0.0,0.0,0.0,0.0,0.0,0.0,0.7274891968537638,0.0
r_2141,0.6409223324166838,0.5619511148071766,0.0,0.5908941840034317,0.0,0.0,0.6481026819575868,0.0,0.7200318211803383,0.6378598708505211,0.6340935158484156,0.0
r_3200,0.0,0.0,0.0,0.6383705744387365,0.0,0.0,0.0,0.0,0.0,0.0,0.0,0.0
r_0795,0.6209910538520905,0.622222273813744,0.8233900737615047,0.0,0.6938973096542205,0.7307893179917109,0.6860213454384074,0.5623049395185847,0.0,0.6874816911437496,0.6422084230364994,0.0
r_0151,0.0,0.0,0.6052014910912982,0.584587437988948,0.0,0.0,0.6578647260460788,0.0,0.0,0.0,0.0,0.0
r_2500,0.7515847600203678,0.6047446178975977,0.6662443301468591,0.0,0.0,0.7847745184272852,0.0,0.6044691202338706,0.0,0.7868460332486988,0.8388473075874439,0.6395355467771323
r_4332,0.0,0.0,0.0,0.0,0.0,0.5694695948193595,0.0,0.0,0.0,0.0,0.0,0.0
r_2277,0.0,0.0,0.0,0.0,0.0,0.0,0.0,0.0,0.0,0.0,0.0,0.605247684285437
r_0669,0.0,0.0,0.0,0.0,0.0,0.0,0.6226942626096014,0.0,0.575020328393851,0.0,0.0,0.6998590408353
r_0193,0.0,0.0,0.5709576623816109,0.0,0.0,0.0,0.0,0.0,0.0,0.0,0.0,0.0
r_2838,0.0,0.0,0.5976751142164572,0.0,0.0,0.0,0.0,0.0,0.0,0.0,0.0,0.0
r_2508,0.7515847600203678,0.6047446178975977,0.6662443301468591,0.0,0.0,0.7847745184272852,0.0,0.6044691202338706,0.0,0.7868460332486771,0.8388473075874439,0.6395355467771323
r_0888,0.0,0.5945953174872773,0.0,0.0,0.0,0.0,0.0,0.0,0.0,0.0,0.0,0.0
r_2248,0.0,0.0,0.0,0.0,-0.5659851054874234,0.0,0.0,0.0,0.0,0.0,0.0,0.5633446203888721
r_2883,0.0,0.0,0.0,0.0,0.0,0.0,0.0,0.0,0.0,0.0,0.0,0.5760453294659018
r_0491,0.8253634610447393,0.5923003934543704,0.7394383968652665,0.619819141661315,0.8514997884604572,0.7878970905960291,0.7337825984131057,0.7888489753604526,0.0,0.0,0.7777343212421401,0.8532381370681296
