,gene_numb,rxn_numb,aerobic growth,aerobic_rxns,anaerobic_growth,anaerobic_rxns
AAA.xml,1112,3981,0.0,58,0.0,0
AAB.xml,1108,3980,0.08793978706945563,492,0.022773751767668795,486
AAC.xml,1100,3978,0.08793987479512894,494,0.02277375176766874,488
AAD.xml,1107,3985,0.08793984293640887,468,0.022773751767668618,448
AAE.xml,1109,3984,0.08793987479512894,510,0.02277375176766867,495
AAG.xml,1115,3982,0.0,30,0.0,0
AAH.xml,1103,3980,0.012539605680476743,499,0.022773751767668673,466
AAI.xml,1116,3986,0.08793987479512864,471,0.0227737517676688,481
AAK.xml,1107,3982,0.08793987479512894,469,0.022773751767668698,474
AAL.xml,1112,3981,0.08793978706945577,505,0.022773751767668732,474
AAM.xml,1106,3978,0.08793987479512881,477,0.022773751767668677,488
AAN.xml,1099,3973,0.012539602898508648,526,0.02277375176766868,463
AAP.xml,1111,3978,0.08793978706945596,516,0.0227737517676687,456
AAQ.xml,1110,3983,0.08793978706945596,483,0.02277375176766888,486
AAR.xml,1111,3992,0.08793987479512798,468,0.022773751767668646,460
AAS.xml,1115,3983,0.0879398747951286,494,0.022773751767668726,474
AAT.xml,1117,3995,0.0879398426798096,500,0.022773751767668673,474
AAV.xml,1115,3983,0.08793978706945564,515,0.022773751767668646,470
ABA.xml,1113,3984,0.08793987479512867,498,0.022773751767667556,463
ABB.xml,1110,3983,0.08793987479512799,511,0.022773751767668673,454
ABC.xml,1111,3980,0.0879398429364095,484,0.022773751767668705,463
ABD.xml,1118,3993,0.0879398747951272,488,0.022773751767668673,488
ABE.xml,1106,3983,0.0879398747951286,494,0.022773751767668726,474
ABF.xml,1110,3979,0.08793978706945561,507,0.0227737517676687,488
ABG.xml,1113,3991,0.0879398747951281,499,0.022773751767668667,449
ABH.xml,1112,3982,0.012569441379562861,494,0.022773751767668705,477
ABI.xml,1108,3981,0.08793978706945577,505,0.022773751767668732,474
ABK.xml,1112,3983,0.0879398747951286,494,0.022773751767668726,474
ABL.xml,1104,3980,0.01253960289850865,503,0.022773751767668774,468
ABM.xml,1095,3972,0.0,22,0.0,0
ABP.xml,1112,3983,0.08793978706945596,483,0.02277375176766888,486
ABQ.xml,1107,3981,0.012539602898508667,491,0.022773751767668705,469
ABR.xml,1112,3983,0.01253960289850865,528,0.022773751767668673,489
ABS.xml,1113,3984,0.08793987479512867,498,0.022773751767667556,463
ABT.xml,1114,3984,0.08793987479512864,479,0.02277375176766876,457
ABV.xml,1115,3979,0.08793987479512863,463,0.022773751767668767,476
ACA.xml,1116,3984,0.08793978706945575,479,0.022773751767668847,459
ACB.xml,1115,3984,0.08793978706945575,479,0.022773751767668847,459
ACC.xml,1119,4005,0.08793978706945543,483,0.022773751767805966,589
ACD.xml,1114,3983,0.08793987479512799,511,0.022773751767668673,454
ACF.xml,1114,3984,0.08793987479512867,498,0.022773751767667556,463
ACG.xml,1115,3983,0.0879398747951286,494,0.022773751767668726,474
ACH.xml,1115,3983,0.0879398747951286,494,0.022773751767668726,474
ACI.xml,1112,3982,0.08793987479512894,488,0.022773751767668778,480
ACK.xml,1110,3983,0.08793987479512799,511,0.022773751767668673,454
ACL.xml,1114,3973,0.08793987479512827,490,0.0227737517676687,445
ACM.xml,1109,3983,0.08793987479512799,511,0.022773751767668673,454
ACN.xml,1118,3984,0.08793987479512867,498,0.022773751767667556,463
ACP.xml,1115,3984,0.08793987479512831,464,0.022773751767668705,477
ACQ.xml,1110,3991,0.08793984293640983,478,0.02277375176766869,484
ACR.xml,1118,3984,0.08793987479512867,498,0.022773751767667556,463
ACS.xml,1115,3983,0.08793987479512799,511,0.022773751767668673,454
ACT.xml,1111,3980,0.0879398429364095,484,0.022773751767668705,463
ACV.xml,1111,3980,0.0879398429364095,484,0.022773751767668705,463
ADA.xml,1109,3982,0.08793978706945564,492,0.02277375176766867,474
ADB.xml,1111,3984,0.08793984865730994,502,0.02277375176766865,468
ADC.xml,1112,3985,0.08793978706945622,507,0.02277375176766874,452
ADD.xml,1111,3980,0.0879398429364095,484,0.022773751767668705,463
ADE.xml,1110,3985,0.08793978706945564,507,0.022773751767668677,459
ADF.xml,1111,3982,0.08793978706945622,496,0.022773751767668732,487
ADG.xml,1114,3992,0.0879398747951286,459,0.022773751767668812,465
ADH.xml,1110,3983,0.08793987479512799,511,0.022773751767668673,454
ADI.xml,1114,3983,0.0879398747951286,494,0.022773751767668726,474
ADK.xml,1120,3984,0.08793978706945596,506,0.022773751767668694,466
ADL.xml,1109,3980,0.0879398747951283,475,0.022773751767668746,487
ADM.xml,1107,3979,0.08793978706945606,504,0.02277375176766868,458
ADN.xml,1108,3990,0.08793987479512795,497,0.022773751767668708,478
ADP.xml,1104,3980,0.012539602898508603,507,0.022773751767668646,453
ADQ.xml,1107,3990,0.08793987479512795,497,0.022773751767668708,478
ADR.xml,1114,3984,0.08793987479512867,498,0.022773751767667556,463
ADS.xml,1117,3984,0.08793987479512867,498,0.022773751767667556,463
ADT.xml,1120,3986,0.08793987479512823,507,0.02277375176766865,460
ADV.xml,1110,3981,0.08793987479512907,476,0.0227737517676687,493
AEA.xml,1110,3992,0.08793987479512798,468,0.022773751767668646,460
AEB.xml,1106,3982,0.0879398747951286,495,0.02277375176766869,483
AEC.xml,1102,3980,0.08793987479512852,494,0.022773751767668667,467
AEE.xml,1105,3984,0.012539602898508731,512,0.02277375176766875,466
AEF.xml,1106,3985,0.08793987479512864,486,0.022773751767668667,491
AEG.xml,1112,3994,0.08793987479512894,482,0.022773751767668705,449
AEH.xml,1114,3985,0.08793987479512894,492,0.022773751767668705,478
AEI.xml,1114,3992,0.08793978706945597,521,0.022773751767668705,472
AEK.xml,1098,3977,0.012539602898508658,502,0.022773751767668694,488
AEL.xml,1100,3979,0.08793984293640886,504,0.02277375176766877,465
AEM.xml,1103,3979,0.012539602898508742,500,0.022773751767668736,501
AEN.xml,1108,3982,0.08793978706945477,502,0.02277375176766871,473
AEP.xml,1111,3994,0.012569447548695717,520,0.022773751767668722,463
AEQ.xml,1111,3992,0.08793987479512798,468,0.022773751767668646,460
AER.xml,1110,3980,0.08793987479512852,494,0.022773751767668667,467
AES.xml,1105,3982,0.08793987479512894,469,0.022773751767668698,474
AET.xml,1107,3983,0.0879398747951286,494,0.022773751767668726,474
AEV.xml,1097,3973,0.012539609067222226,479,0.02277375176766868,460
AFA.xml,1112,3989,0.012539609067222202,506,0.02277375176766869,496
AFB.xml,1107,3980,0.012539602898508705,512,0.0227737517676687,462
AFC.xml,1109,3980,0.08793987479512852,494,0.022773751767668667,467
AFD.xml,1115,3985,0.08793987479512894,492,0.022773751767668705,478
AFE.xml,1111,3980,0.012569447548695753,480,0.022773751767668757,461
AFF.xml,1100,3975,0.012539605680476776,494,0.02277375176766874,498
AFG.xml,1115,3992,0.08793987479512819,488,0.022773751767668667,489
AFH.xml,1110,3992,0.012569441379562932,501,0.02277375176766869,475
AFI.xml,1103,3982,0.08793987479512842,468,0.022773751767668673,493
AFK.xml,1109,3968,0.08793978706945595,500,0.022773751767668684,484
AFL.xml,1103,3976,0.08793978706945553,485,0.022701171375641246,472
AFM.xml,1102,3979,0.08793978706945606,504,0.02277375176766868,458
AFN.xml,1108,3988,0.08793987479512819,496,0.022773751767668656,469
AFP.xml,1105,3981,0.012539609067222202,471,0.02277375176766866,463
AFQ.xml,1109,3983,0.0879397870694559,470,0.022773751767668944,475
AFR.xml,1107,3981,0.08793978706945679,518,0.022773751767668677,439
AFS.xml,1106,3975,0.08793978706945596,509,0.022773751767668517,444
AFT.xml,1105,3977,0.01256944754869567,490,0.022773751767668642,466
AFV.xml,1110,3983,0.012539609067222172,489,0.022773751767668722,464
AGA.xml,1113,3983,0.0879398747951286,494,0.022773751767668726,474
AGB.xml,1099,3974,0.08793987479512894,494,0.02277375176766888,480
AGC.xml,1107,3990,0.08793987479512727,494,0.022773751767668687,480
AGE.xml,1107,3982,0.08793984293640966,483,0.022773751767668673,468
AGF.xml,1110,3979,0.012539609067222264,504,0.02277375176766865,466
AGG.xml,1110,3991,0.012569441379562903,512,0.02277375176766869,487
AGH.xml,1112,3983,0.0879398747951286,494,0.022773751767668726,474
AGI.xml,1114,3983,0.01253960289850865,528,0.022773751767668673,489
AGK.xml,1096,3973,0.01253960289850869,512,0.02277375176766868,461
AGL.xml,1112,3981,0.012539609067222212,501,0.0227737517676687,493
AGM.xml,1109,3993,0.08793984267980895,510,0.022773751767668663,483
AGN.xml,1112,3985,0.012539606829550921,496,0.02277375176766889,484
AGP.xml,1113,3984,0.08793978706945596,482,0.022773751767668684,451
AGR.xml,1114,3984,0.08793987479512867,498,0.022773751767667556,463
AGS.xml,1114,3985,0.08793978706945442,499,0.022773751767668653,466
AGT.xml,1111,3983,0.08793987479512841,490,0.022773751767668673,458
AGV.xml,1111,3985,0.08793978706945442,499,0.022773751767668653,466
AHA.xml,1113,3984,0.0879397870694559,524,0.022773751767668705,469
AHB.xml,1107,3979,0.0,20,0.0,0
AHC.xml,1109,3983,0.08793987479512817,461,0.022773751767668687,485
AHD.xml,1118,3989,0.01253960289850868,514,0.02277375176766868,468
AHE.xml,1112,3983,0.01253960289850865,528,0.022773751767668673,489
AHF.xml,1113,3982,0.08793987479512895,493,0.022773751767668677,450
AHG.xml,1111,3978,0.0,46,0.0,0
AHH.xml,1110,3971,0.08793987479512827,502,0.02277375176766867,465
AHI.xml,1111,3983,0.0879398747951286,494,0.022773751767668726,474
AHK.xml,1107,3983,0.0879398747951286,494,0.022773751767668726,474
AHL.xml,1099,3977,0.0,22,0.0,0
AHM.xml,1102,3975,0.0,21,0.0,0
AHN.xml,1114,3982,0.08793978706945564,492,0.02277375176766867,474
AHP.xml,1102,3978,0.08793978706945563,533,0.022773751767668715,479
AHQ.xml,1109,3988,0.0879398747951281,470,0.022773751767668705,466
AHR.xml,1100,3969,0.0,30,0.0,0
AHS.xml,1107,3982,0.08793978706945622,496,0.022773751767668732,487
AHT.xml,1114,3983,0.01253960289850865,528,0.022773751767668673,489
AHV.xml,1101,3977,0.012539602898508695,512,0.022773751767668653,475
AIA.xml,1108,3983,0.0879398747951286,494,0.022773751767668726,474
AIB.xml,1110,3982,0.08793987479512842,468,0.022773751767668673,493
AIC.xml,1109,3981,0.08793987479512895,465,0.022773751767668708,472
AID.xml,1114,3977,0.0,20,0.0,0
AIE.xml,1102,3976,0.0,24,0.0,0
AIF.xml,1115,3984,0.01253960906722227,477,0.022773751767668715,470
AIG.xml,1106,3986,0.08793978706945597,499,0.022773751767668767,481
AII.xml,1116,3985,0.01253960289850874,524,0.02277375176766876,478
AIK.xml,1111,3983,0.08793987479512817,461,0.022773751767668687,485
AIL.xml,1114,3984,0.01253960906722227,477,0.022773751767668715,470
AIM.xml,1110,3984,0.08793987479512867,498,0.022773751767667556,463
AIN.xml,1114,3983,0.01253960289850865,528,0.022773751767668673,489
AIP.xml,1113,3983,0.0879398747951286,494,0.022773751767668726,474
AIQ.xml,1118,3985,0.08793978706945445,495,0.0227737517676688,474
AIR.xml,1115,3983,0.012539602898508693,519,0.0227737517676688,470
AIT.xml,1115,3983,0.012539602898508693,519,0.0227737517676688,470
AKB.xml,1113,3982,0.08793978706945622,496,0.022773751767668732,487
AKC.xml,1115,3982,0.08793978706945622,496,0.022773751767668732,487
AKD.xml,1116,3982,0.08793978706945622,496,0.022773751767668732,487
AKE.xml,1116,3983,0.08793987479512799,511,0.022773751767668673,454
AKG.xml,1110,3982,0.08793978706945622,496,0.022773751767668732,487
AKH.xml,1116,3983,0.08793987479512799,511,0.022773751767668673,454
AKI.xml,1111,3982,0.08793978706945564,492,0.02277375176766867,474
AKL.xml,1112,3984,0.0879398747951291,484,0.02277375176766863,452
AKM.xml,1119,3996,0.08793987479512896,485,0.022773751767668608,467
AKN.xml,1118,3984,0.08793987479512867,498,0.022773751767667556,463
AKP.xml,1114,3980,0.0879398429364095,484,0.022773751767668705,463
AKQ.xml,1114,3984,0.08793987479512867,498,0.022773751767667556,463
AKR.xml,1115,4003,0.01256944754869563,493,0.022773751767668757,480
AKS.xml,1119,3996,0.08793987479512896,485,0.022773751767668608,467
AKT.xml,1110,3981,0.08793978706945577,505,0.022773751767668732,474
AKV.xml,1114,3980,0.0879398429364095,484,0.022773751767668705,463
ALA.xml,1115,4003,0.01256944754869563,493,0.022773751767668757,480
ALB.xml,1115,4003,0.01256944754869563,493,0.022773751767668757,480
ALC.xml,1114,4003,0.01256944754869563,493,0.022773751767668757,480
ALD.xml,1102,3977,0.0879398747951284,497,0.02277375176766867,469
ALE.xml,1114,3980,0.0879398429364095,484,0.022773751767668705,463
ALG.xml,1116,3983,0.012569441379562932,510,0.022773751767668673,444
ALH.xml,1114,4003,0.01256944754869563,493,0.022773751767668757,480
ALI.xml,1114,3979,0.0,34,0.0,0
ALK.xml,1115,4003,0.01256944754869563,493,0.022773751767668757,480
ALL.xml,1116,3986,0.012539605680476764,500,0.02277375176766871,441
ALM.xml,1119,3989,0.01253960289850868,514,0.02277375176766868,468
ALN.xml,1107,3980,0.08793987479512852,494,0.022773751767668667,467
ALP.xml,1109,3978,0.08793978706945596,516,0.0227737517676687,456
ALQ.xml,1117,3985,0.08793978706945445,495,0.0227737517676688,474
ALR.xml,1119,3985,0.08793987479512852,489,0.02277375176766868,473
ALS.xml,1116,3985,0.08793978706945445,495,0.0227737517676688,474
ALT.xml,1116,3985,0.08793978706945445,495,0.0227737517676688,474
ALV.xml,1115,3983,0.08793987479512684,487,0.022773751767668684,452
AMA.xml,1116,3984,0.08793987479512867,498,0.022773751767667556,463
AMB.xml,1117,3983,0.012569441379562932,510,0.022773751767668673,444
AMC.xml,1116,3983,0.012569441379562932,510,0.022773751767668673,444
AMD.xml,1118,3993,0.0879398747951272,488,0.022773751767668673,488
AMF.xml,1118,3993,0.0879398747951272,488,0.022773751767668673,488
AMG.xml,1116,3983,0.08793987479512684,487,0.022773751767668684,452
AMH.xml,1114,3982,0.08793987479512941,487,0.022773751767668653,459
AMI.xml,1116,3983,0.08793987479512684,487,0.022773751767668684,452
AMK.xml,1116,3983,0.08793987479512684,487,0.022773751767668684,452
AML.xml,1116,3983,0.08793987479512684,487,0.022773751767668684,452
AMM.xml,1117,3994,0.08793987479512894,495,0.022773751767668736,490
AMN.xml,1118,3984,0.08793987479512752,472,0.022773751767668667,485
AMP.xml,1120,3984,0.08793978706945593,506,0.0227737517676687,467
AMQ.xml,1116,3983,0.08793987479512684,487,0.022773751767668684,452
AMR.xml,1116,3984,0.08793987479512864,479,0.02277375176766876,457
AMS.xml,1114,3984,0.01253960906722227,477,0.022773751767668715,470
AMT.xml,1112,3983,0.0879398747951286,494,0.022773751767668726,474
ANA.xml,1109,3978,0.08793987479512844,502,0.022773751767668677,475
ANC.xml,1118,3984,0.08793987479512867,498,0.022773751767667556,463
AND.xml,1118,3984,0.08793987479512867,498,0.022773751767667556,463
ANE.xml,1118,3984,0.08793987479512867,498,0.022773751767667556,463
ANF.xml,1118,3984,0.08793987479512867,498,0.022773751767667556,463
ANG.xml,1118,3984,0.08793987479512867,498,0.022773751767667556,463
ANH.xml,1118,3984,0.08793987479512867,498,0.022773751767667556,463
ANI.xml,1118,3984,0.08793987479512867,498,0.022773751767667556,463
ANK.xml,1118,3984,0.08793987479512867,498,0.022773751767667556,463
ANL.xml,1104,3975,0.08793978706945549,504,0.022773751767668726,484
ANM.xml,1100,3973,0.08793987479512905,472,0.022773751767668673,464
ANN.xml,1120,3992,0.08793978706945552,481,0.022773751767668715,466
ANP.xml,1113,3983,0.08793987479512684,487,0.022773751767668684,452
ANQ.xml,1114,3982,0.08793984293640951,497,0.022773751767668705,475
ANR.xml,1114,3991,0.08793978706945593,521,0.022773751767668715,484
ANS.xml,1108,3988,0.08793987479512831,465,0.022773751767668732,462
ANT.xml,1114,3991,0.08793978706945593,521,0.022773751767668715,484
ANV.xml,1114,3991,0.08793978706945593,521,0.022773751767668715,484
APA.xml,1107,3988,0.08793987479512831,465,0.022773751767668732,462
APC.xml,1111,3989,0.08793987479512706,504,0.022773751767668677,488
APD.xml,1111,3989,0.08793987479512706,504,0.022773751767668677,488
APE.xml,1111,3989,0.08793987479512706,504,0.022773751767668677,488
APF.xml,1111,3989,0.08793987479512706,504,0.022773751767668677,488
APG.xml,1105,3979,0.08793987479512884,471,0.022773751767668708,459
APH.xml,1114,3984,0.08793987479512867,498,0.022773751767667556,463
API.xml,1113,3981,0.08793978706945577,505,0.022773751767668732,474
APK.xml,1116,3983,0.08793987479512684,487,0.022773751767668684,452
APL.xml,1109,3980,0.0879398747951283,475,0.022773751767668746,487
APM.xml,1111,3976,0.012569447548695717,514,0.022773751767668746,465
APN.xml,1116,3983,0.08793987479512684,487,0.022773751767668684,452
APP.xml,1117,4007,0.08793984267980884,490,0.022773751767668708,454
APQ.xml,1112,3982,0.08793978706945622,496,0.022773751767668732,487
APR.xml,1112,3982,0.08793978706945622,496,0.022773751767668732,487
APS.xml,1117,3988,0.01253960289850861,530,0.022773751767668726,491
APT.xml,1111,3981,0.012539609067222212,501,0.0227737517676687,493
APV.xml,1111,3981,0.012539609067222212,501,0.0227737517676687,493
AQA.xml,1111,3975,0.0,21,0.0,0
AQB.xml,1107,3982,0.08793978706945596,518,0.02277375176766876,484
AQC.xml,1112,3983,0.0879398747951286,494,0.022773751767668726,474
AQD.xml,1118,3975,0.0,21,0.0,0
AQE.xml,1110,3985,0.08793978706945442,499,0.022773751767668653,466
AQG.xml,1112,3983,0.08793978706945596,483,0.02277375176766888,486
AQH.xml,1120,3986,0.08793987479512864,471,0.0227737517676688,481
AQI.xml,1110,3979,0.08793978706945606,504,0.02277375176766868,458
AQM.xml,1098,3975,0.08793987479512864,490,0.022773751767668646,459
AQN.xml,1108,3986,0.08793987479512894,455,0.022773751767668653,488
AQP.xml,1109,3983,0.0879398747951286,494,0.022773751767668726,474
AQQ.xml,1115,3987,0.012539609067222247,492,0.022773751767668708,482
AQR.xml,1115,3984,0.01253960906722227,477,0.022773751767668715,470
AQS.xml,1114,3994,0.08793987479512796,509,0.022773751767668743,465
AQT.xml,1102,3980,0.08793987479516155,579,0.022773751767668677,465
ARA.xml,1105,3974,0.08793987479512894,498,0.022773751767668677,446
ARB.xml,1103,3980,0.08793978706945603,524,0.022773751767668715,489
ARC.xml,1121,3996,0.012539602898508738,505,0.02277375176766868,461
ARE.xml,1114,3995,0.08793978706945567,493,0.022773751767668698,470
ARG.xml,1110,3980,0.01253960289850865,503,0.022773751767668774,468
ARH.xml,1115,3985,0.08793987479512852,489,0.02277375176766868,473
ARI.xml,1113,3984,0.0879398747951291,484,0.02277375176766863,452
ARK.xml,1115,3983,0.01253960289850865,528,0.022773751767668673,489
ARL.xml,1112,3983,0.0879398747951286,494,0.022773751767668726,474
ARM.xml,1111,3989,0.08793987479512892,474,0.02277375176766864,452
ARN.xml,1089,3964,0.012539602898508565,530,0.022773751767668705,480
ARP.xml,1111,3990,0.012569447548695692,495,0.022773751767668503,444
ARQ.xml,1114,3982,0.012539602898508527,540,0.022773751767668587,491
ARR.xml,1098,3969,0.08793987479512898,493,0.022773751767668673,470
ARS.xml,1102,3979,0.08793987479512862,471,0.022773751767668667,454
ART.xml,1113,3986,0.08793987479512864,471,0.0227737517676688,481
ARV.xml,1115,3984,0.08793987479512867,498,0.022773751767667556,463
ASA.xml,1111,3985,0.08793978706945442,499,0.022773751767668653,466
ASB.xml,1107,3990,0.012539605680476766,494,0.022773751767668635,449
ASC.xml,1107,3979,0.08793987479512842,475,0.02277375176766872,491
ASD.xml,1115,3985,0.01253960289850874,524,0.02277375176766876,478
ASE.xml,1115,3985,0.01253960289850874,524,0.02277375176766876,478
ASG.xml,1109,3981,0.012539602898508707,535,0.022773751767668774,458
ASH.xml,1106,3982,0.0879398747951286,495,0.02277375176766869,483
ASL.xml,1112,3981,0.08793978706945577,505,0.022773751767668732,474
ASM.xml,1106,3978,0.08793978706945595,474,0.0227737517676687,467
ASN.xml,1098,3971,0.08793987479512806,487,0.0227737517676686,477
ASP.xml,1114,3983,0.08793987479512684,487,0.022773751767668684,452
ASR.xml,1117,3987,0.0879398426798096,509,0.022773751767668736,455
ASS.xml,1117,3984,0.08793987479512867,498,0.022773751767667556,463
AST.xml,1117,3984,0.08793987479512867,498,0.022773751767667556,463
ASV.xml,1120,3992,0.08793978706945593,528,0.02277375176766864,474
ATA.xml,1114,3982,0.012539602898508527,540,0.022773751767668587,491
ATB.xml,1118,3985,0.08793987479512852,489,0.02277375176766868,473
ATC.xml,1119,3994,0.08793987479512894,466,0.022773751767668677,490
ATD.xml,1117,3985,0.08793987479512894,492,0.022773751767668705,478
ATE.xml,1111,3982,0.08793978706945564,492,0.02277375176766867,474
ATH.xml,1113,3984,0.08793987479512867,498,0.022773751767667556,463
ATM.xml,1116,3983,0.0879398747951286,494,0.022773751767668726,474
ATN.xml,1114,3983,0.01253960289850865,528,0.022773751767668673,489
ATP.xml,1111,3982,0.08793978706945622,496,0.022773751767668732,487
ATQ.xml,1104,3963,0.0,27,0.0,0
ATR.xml,1112,3981,0.08793978706945577,505,0.022773751767668732,474
ATS.xml,1110,3981,0.08793978706945577,505,0.022773751767668732,474
ATV.xml,1107,3981,0.08793987479512792,504,0.022773751767668687,443
AVB.xml,1103,3979,0.0,30,0.0,0
AVC.xml,1111,3989,0.08793987479512706,504,0.022773751767668677,488
AVD.xml,1111,3989,0.08793987479512706,504,0.022773751767668677,488
AVH.xml,1113,3984,0.012539602898508745,513,0.022773751767668618,464
AVI.xml,1118,3984,0.08793987479512867,498,0.022773751767667556,463
AVK.xml,1115,3983,0.0879398747951286,494,0.022773751767668726,474
AVL.xml,1110,3989,0.08793987479512706,504,0.022773751767668677,488
AVM.xml,1110,3989,0.08793987479512706,504,0.022773751767668677,488
AVN.xml,1104,3977,0.08793978706945596,484,0.022773751767668736,458
AVP.xml,1106,3977,0.08793978706945596,484,0.022773751767668736,458
AVQ.xml,1105,3978,0.08793987479512892,495,0.022773751767668667,485
AVR.xml,1105,3976,0.08793987479512895,498,0.022773751767668694,441
AVS.xml,1107,3981,0.08793987479512869,458,0.022773751767668677,444
AVT.xml,1106,3977,0.0879398747951286,509,0.0227737517676688,495
AVV.xml,1108,3980,0.012539602898504308,531,0.022773751767668687,459
BAA.xml,1112,3983,0.08793978706945593,491,0.022773751767668673,473
BAB.xml,1112,3983,0.08793978706945593,491,0.022773751767668673,473
BAC.xml,1112,3983,0.08793978706945593,491,0.022773751767668673,473
BAD.xml,1112,3983,0.08793978706945593,491,0.022773751767668673,473
BAE.xml,1112,3983,0.08793978706945593,491,0.022773751767668673,473
BAF.xml,1113,3970,0.08793984293640898,499,0.02277375176766871,458
BAG.xml,1116,3984,0.08793987479512867,498,0.022773751767667556,463
BAH.xml,1117,3984,0.08793987479512867,498,0.022773751767667556,463
BAI.xml,1116,3993,0.0879398747951272,488,0.022773751767668673,488
BAK.xml,1116,3984,0.08793987479512867,498,0.022773751767667556,463
BAL.xml,1116,3984,0.08793987479512867,498,0.022773751767667556,463
BAM.xml,1115,3995,0.0879398426798096,500,0.022773751767668673,474
BAN.xml,1120,4005,0.08793978706945543,483,0.022773751767805966,589
BAP.xml,1120,4004,0.012569441379563116,521,0.022773751767668653,468
BAQ.xml,1115,3995,0.0879398426798096,500,0.022773751767668673,474
BAR.xml,1118,3985,0.08793978706945622,507,0.02277375176766874,452
BAS.xml,1118,3985,0.08793978706945622,507,0.02277375176766874,452
BAT.xml,1118,3985,0.08793978706945622,507,0.02277375176766874,452
BAV.xml,1113,3983,0.0879398747951286,494,0.022773751767668726,474
BBA.xml,1114,3984,0.08793987479512867,498,0.022773751767667556,463
BBB.xml,1113,3983,0.0879398747951286,494,0.022773751767668726,474
BBC.xml,1109,3979,0.08793987479512863,463,0.022773751767668767,476
BBD.xml,1109,3978,0.08793978706945596,516,0.0227737517676687,456
BBE.xml,1109,3978,0.08793978706945596,516,0.0227737517676687,456
BBF.xml,1114,3982,0.08793984293640966,483,0.022773751767668673,468
BBG.xml,1106,3982,0.0879398747951286,495,0.02277375176766869,483
BBH.xml,1116,3985,0.08793978706945445,495,0.0227737517676688,474
BBI.xml,1114,3983,0.0879398429364095,469,0.02277375176766872,469
BBK.xml,1116,3985,0.08793978706945445,495,0.0227737517676688,474
BBL.xml,1118,3984,0.08793987479512867,498,0.022773751767667556,463
BBM.xml,1100,3976,0.012539602898508645,499,0.022773751767668715,450
BBP.xml,1110,3981,0.08793978706945577,505,0.022773751767668732,474
BBQ.xml,1118,3993,0.0879398747951272,488,0.022773751767668673,488
BBR.xml,1120,4005,0.08793978706945543,483,0.022773751767805966,589
BBS.xml,1118,3993,0.0879398747951272,488,0.022773751767668673,488
BBT.xml,1113,3992,0.08793978706945588,505,0.02277375176766864,481
BBV.xml,1113,3983,0.08793987479512817,461,0.022773751767668687,485
BCA.xml,1112,3983,0.0879398747951286,494,0.022773751767668726,474
BCB.xml,1110,3987,0.0,70,0.0,0
BCC.xml,1110,3979,0.0,30,0.0,0
BCD.xml,1110,3988,0.0,47,0.0,0
BCE.xml,1110,3979,0.0,30,0.0,0
BCF.xml,1110,3976,0.0,50,0.0,0
BCG.xml,1110,3979,0.0,30,0.0,0
BCH.xml,1110,3978,0.0,47,0.0,0
BCI.xml,1110,3988,0.0,47,0.0,0
BCK.xml,1112,3987,0.0,70,0.0,0
BCL.xml,1111,3988,0.0,47,0.0,0
BCM.xml,1113,3982,0.0,33,0.0,0
BCN.xml,1103,3977,0.0,47,0.0,0
BCP.xml,1111,3978,0.0,47,0.0,0
BCQ.xml,1109,3979,0.0,30,0.0,0
BCR.xml,1116,3982,0.08793978706945477,502,0.02277375176766871,473
BCS.xml,1113,3981,0.08793978706945577,505,0.022773751767668732,474
BCT.xml,1109,3981,0.08793978706945577,505,0.022773751767668732,474
BCV.xml,1116,3984,0.08793978706945575,479,0.022773751767668847,459
BDA.xml,1116,3983,0.0879398747951283,507,0.02277375176766871,465
BDB.xml,1116,3983,0.0879398747951283,507,0.02277375176766871,465
BDC.xml,1112,3982,0.08793987479512831,488,0.022773751767668684,452
BDD.xml,1117,3984,0.08793978706945575,479,0.022773751767668847,459
BDE.xml,1117,3984,0.08793987479512934,498,0.02277375176766871,473
BDF.xml,1112,3982,0.08793987479512831,488,0.022773751767668684,452
BDG.xml,1112,3982,0.08793987479512831,488,0.022773751767668684,452
BDH.xml,1115,3983,0.0879398747951283,507,0.02277375176766871,465
BDI.xml,1116,3984,0.08793978706945575,479,0.022773751767668847,459
BDK.xml,1113,3983,0.0879398747951286,494,0.022773751767668726,474
BDL.xml,1111,3980,0.0879398747951283,475,0.022773751767668746,487
BDM.xml,1117,3985,0.08793987479512852,489,0.02277375176766868,473
BDN.xml,1096,3970,0.012539609067222228,511,0.02277375176766869,476
BDP.xml,1109,3979,0.0,30,0.0,0
BDQ.xml,1114,3988,0.0,47,0.0,0
BDR.xml,1110,3985,0.0,44,0.0,0
BDS.xml,1112,3979,0.0,30,0.0,0
BDT.xml,1111,3988,0.0,47,0.0,0
BDV.xml,1108,3979,0.0,30,0.0,0
BEA.xml,1110,3979,0.0,30,0.0,0
BEB.xml,1113,3985,0.0,44,0.0,0
BEC.xml,1111,3988,0.0,47,0.0,0
BED.xml,1112,3979,0.0,30,0.0,0
BEE.xml,1110,3978,0.0,47,0.0,0
BEF.xml,1112,3984,0.0879398747951291,484,0.02277375176766863,452
BEG.xml,1119,3993,0.0879398747951272,488,0.022773751767668673,488
BEH.xml,1110,3994,0.08793987479512796,509,0.022773751767668743,465
BEI.xml,1099,3976,0.0879397870694561,515,0.022773751767668698,444
BEK.xml,1099,3972,0.0879397870694553,480,0.02277375176766864,477
BEM.xml,1100,3972,0.0879397870694553,480,0.02277375176766864,477
BEN.xml,1099,3976,0.0879397870694561,515,0.022773751767668698,444
BEP.xml,1116,3985,0.08793978706945445,495,0.0227737517676688,474
BEQ.xml,1115,3983,0.01253960289850865,528,0.022773751767668673,489
BER.xml,1114,3982,0.012539609067222209,507,0.02277375176766866,463
BES.xml,1117,3985,0.01253960289850874,524,0.02277375176766876,478
BET.xml,1117,3983,0.0879398747951286,494,0.022773751767668726,474
BEV.xml,1117,3983,0.0879398747951286,494,0.022773751767668726,474
BFA.xml,1112,3983,0.012569441379562932,510,0.022773751767668673,444
BFB.xml,1117,3985,0.08793978706945445,495,0.0227737517676688,474
BFC.xml,1117,3986,0.08793987479512864,471,0.0227737517676688,481
BFD.xml,1119,3985,0.08793978706945445,495,0.0227737517676688,474
BFE.xml,1112,3980,0.0879398747951283,475,0.022773751767668746,487
BFG.xml,1113,3980,0.0879398747951283,475,0.022773751767668746,487
BFH.xml,1107,3980,0.08793978706945635,521,0.022773751767668677,462
BFK.xml,1116,3985,0.08793978706945622,507,0.02277375176766874,452
BFL.xml,1112,3983,0.012569441379562932,510,0.022773751767668673,444
BFM.xml,1112,3980,0.0879398747951283,475,0.022773751767668746,487
BFN.xml,1102,3971,0.08793987479512894,477,0.022773751767668708,473
BFP.xml,1120,3993,0.0879398747951272,488,0.022773751767668673,488
BFQ.xml,1112,3982,0.012539609067222209,507,0.02277375176766866,463
BFR.xml,1112,3982,0.012539609067222209,507,0.02277375176766866,463
BFS.xml,1102,3972,0.08793987479512878,484,0.02277375176766874,462
BFT.xml,1099,3977,0.08793987479512914,500,0.022773751767668673,455
BFV.xml,1105,3973,0.0879398429364095,472,0.022773751767668705,457
BGA.xml,1107,3974,0.08793987479512878,470,0.022773751767668673,450
BGB.xml,1101,3973,0.08793987479512809,482,0.022773751767668667,493
BGC.xml,1104,3969,0.08793987479512864,468,0.02277375176766878,495
BGD.xml,1100,3972,0.08793987479512876,507,0.022773751767668774,453
BGE.xml,1101,3977,0.08793987479512914,500,0.022773751767668673,455
BGF.xml,1107,3978,0.0879398747951283,500,0.022773751767668708,454
BGG.xml,1107,3978,0.0879398747951283,500,0.022773751767668708,454
BGH.xml,1107,3978,0.0879398747951283,500,0.022773751767668708,454
BGI.xml,1102,3978,0.0879398747951283,500,0.022773751767668708,454
BGK.xml,1103,3978,0.0879398747951283,500,0.022773751767668708,454
BGL.xml,1106,3978,0.0879398747951283,500,0.022773751767668708,454
BGM.xml,1100,3975,0.08793984293641008,491,0.02277375176766871,488
BGN.xml,1104,3972,0.08793984293640983,491,0.0227737517676687,467
BGP.xml,1103,3975,0.08793984293641008,491,0.02277375176766871,488
BGQ.xml,1105,3969,0.08793987479512864,468,0.02277375176766878,495
BGR.xml,1100,3978,0.0879398747951283,500,0.022773751767668708,454
BGS.xml,1098,3974,0.08793978706945571,490,0.022773751767668684,496
BGT.xml,1105,3969,0.08793987479512864,468,0.02277375176766878,495
BGV.xml,1107,3974,0.08793987479512878,470,0.022773751767668673,450
BHA.xml,1121,3986,0.08793987479512823,507,0.02277375176766865,460
BHB.xml,1114,3984,0.08793987479512867,498,0.022773751767667556,463
BHC.xml,1118,3984,0.08793987479512867,498,0.022773751767667556,463
BHD.xml,1116,3982,0.012539602898508527,540,0.022773751767668587,491
BHE.xml,1116,3984,0.012539602898508745,513,0.022773751767668618,464
BHF.xml,1115,3983,0.01253960289850865,528,0.022773751767668673,489
BHG.xml,1124,3985,0.08793978706945585,476,0.0227737517676687,437
BHH.xml,1115,3983,0.08793978706945564,523,0.022773751767668673,448
BHI.xml,1112,3983,0.08793978706945564,523,0.022773751767668673,448
BHK.xml,1113,3981,0.012539602898508681,488,0.022773751767668774,438
BHL.xml,1123,3989,0.08793978706945599,510,0.022773751767668677,456
BHM.xml,1114,3983,0.01253960289850865,528,0.022773751767668673,489
BHN.xml,1114,3983,0.0879398747951286,494,0.022773751767668726,474
BHP.xml,1112,3993,0.08793987479512884,501,0.02277375176766878,479
BHQ.xml,1112,3993,0.08793987479512884,501,0.02277375176766878,479
BHR.xml,1112,3993,0.08793987479512884,501,0.02277375176766878,479
BHS.xml,1112,3993,0.08793987479512884,501,0.02277375176766878,479
BHT.xml,1116,3984,0.08793978706945575,479,0.022773751767668847,459
BHV.xml,1116,3984,0.08793987479512867,498,0.022773751767667556,463
BIA.xml,1114,3983,0.08793987479512817,461,0.022773751767668687,485
BIB.xml,1114,3983,0.08793987479512817,461,0.022773751767668687,485
BIC.xml,1116,3983,0.0879398747951286,494,0.022773751767668726,474
BID.xml,1113,3983,0.01253960289850865,528,0.022773751767668673,489
BIE.xml,1121,3981,0.08793978706945577,505,0.022773751767668732,474
BIF.xml,1112,3982,0.08793978706945564,492,0.02277375176766867,474
BIG.xml,1114,3983,0.08793987479512799,511,0.022773751767668673,454
BIH.xml,1119,3984,0.08793987479512867,498,0.022773751767667556,463
BII.xml,1117,3983,0.0879398747951286,494,0.022773751767668726,474
BIK.xml,1115,3983,0.0879398747951286,494,0.022773751767668726,474
BIL.xml,1118,3984,0.08793987479512867,498,0.022773751767667556,463
BIM.xml,1116,3984,0.08793987479512867,498,0.022773751767667556,463
BIN.xml,1116,3984,0.08793987479512867,498,0.022773751767667556,463
BIP.xml,1116,3984,0.08793987479512867,498,0.022773751767667556,463
BIQ.xml,1115,3984,0.08793987479512867,498,0.022773751767667556,463
BIR.xml,1112,3982,0.08793978706945596,518,0.02277375176766876,484
BIS.xml,1117,3985,0.08793978706945442,499,0.022773751767668653,466
BIT.xml,1115,3983,0.0879398747951286,494,0.022773751767668726,474
BKA.xml,1116,3984,0.08793987479512867,498,0.022773751767667556,463
BKC.xml,1119,3984,0.08793987479512867,498,0.022773751767667556,463
BKD.xml,1114,3983,0.0879398747951286,494,0.022773751767668726,474
BKE.xml,1113,3983,0.0879398747951286,494,0.022773751767668726,474
BKF.xml,1117,3983,0.0879398747951286,494,0.022773751767668726,474
BKG.xml,1107,3980,0.0879398429364095,484,0.022773751767668705,463
BKH.xml,1113,3983,0.0879398747951286,494,0.022773751767668726,474
BKI.xml,1114,3983,0.01253960289850865,528,0.022773751767668673,489
BKK.xml,1114,3983,0.08793987479512817,461,0.022773751767668687,485
BKL.xml,1114,3983,0.08793987479512817,461,0.022773751767668687,485
BKM.xml,1116,3983,0.0879398747951286,494,0.022773751767668726,474
BKN.xml,1115,3983,0.0879398747951286,494,0.022773751767668726,474
BKP.xml,1114,3981,0.08793978706945577,505,0.022773751767668732,474
BKQ.xml,1118,3986,0.08793987479512864,471,0.0227737517676688,481
BKR.xml,1116,3984,0.08793987479512867,498,0.022773751767667556,463
BKS.xml,1119,3988,0.0879397870694541,506,0.02277375176766873,488
BKT.xml,1114,3983,0.08793987479512817,461,0.022773751767668687,485
BLA.xml,1114,3983,0.08793987479512817,461,0.022773751767668687,485
BLB.xml,1119,3990,0.08793978706945547,487,0.0227737517676687,486
BLC.xml,1114,3988,0.0879397870694541,506,0.02277375176766873,488
BLD.xml,1115,3988,0.0879397870694541,506,0.02277375176766873,488
BLE.xml,1113,3982,0.08793978706945564,492,0.02277375176766867,474
BLF.xml,1119,3988,0.0879397870694541,506,0.02277375176766873,488
BLG.xml,1119,3984,0.08793987479512867,498,0.022773751767667556,463
BLH.xml,1115,3983,0.0879398747951286,494,0.022773751767668726,474
BLI.xml,1121,3986,0.08793987479512864,471,0.0227737517676688,481
BLK.xml,1115,3982,0.08793978706945596,518,0.02277375176766876,484
BLL.xml,1117,3983,0.0879398747951286,494,0.022773751767668726,474
BLM.xml,1111,3982,0.08793978706945564,492,0.02277375176766867,474
BLN.xml,1119,3988,0.0879397870694541,506,0.02277375176766873,488
BLP.xml,1119,3988,0.0879397870694541,506,0.02277375176766873,488
BLQ.xml,1114,3983,0.08793987479512817,461,0.022773751767668687,485
BLR.xml,1115,3983,0.0879398747951286,494,0.022773751767668726,474
BLS.xml,1119,3984,0.08793987479512867,498,0.022773751767667556,463
BLT.xml,1116,3982,0.0,35,0.0,0
BLV.xml,1116,3984,0.08793987479512867,498,0.022773751767667556,463
BMA.xml,1119,3996,0.08793987479512896,485,0.022773751767668608,467
BMB.xml,1119,3996,0.08793987479512896,485,0.022773751767668608,467
BMC.xml,1119,3996,0.08793987479512896,485,0.022773751767668608,467
BMD.xml,1121,3984,0.012569441379562915,516,0.02277375176766873,492
BME.xml,1112,3978,0.012539602898508709,531,0.02277375176766875,479
BMF.xml,1123,3984,0.08793987479512894,473,0.022773751767668705,457
BMG.xml,1114,3980,0.012569447548695753,480,0.022773751767668757,461
BMH.xml,1114,3983,0.0879398747951286,494,0.022773751767668726,474
BMI.xml,1115,3983,0.0879398747951286,494,0.022773751767668726,474
BMK.xml,1116,3983,0.0879398747951286,494,0.022773751767668726,474
BML.xml,1113,3981,0.08793978706945577,505,0.022773751767668732,474
BMM.xml,1118,3985,0.08793987479512852,489,0.02277375176766868,473
BMN.xml,1112,3983,0.0879398747951286,494,0.022773751767668726,474
BMQ.xml,1121,3983,0.08793987479512884,480,0.022773751767668684,479
BMR.xml,1111,3987,0.0,70,0.0,0
BMV.xml,1110,3979,0.0,30,0.0,0
BNA.xml,1109,3979,0.0,30,0.0,0
BNB.xml,1115,3979,0.0,30,0.0,0
BNC.xml,1110,3979,0.0,30,0.0,0
BND.xml,1109,3979,0.0,30,0.0,0
BNE.xml,1114,3983,0.08793987479512817,461,0.022773751767668687,485
BNF.xml,1116,3984,0.08793987479512867,498,0.022773751767667556,463
BNG.xml,1117,3985,0.08793987479512852,489,0.02277375176766868,473
BNH.xml,1114,3988,0.0879397870694541,506,0.02277375176766873,488
BNI.xml,1117,3984,0.08793987479512867,498,0.022773751767667556,463
BNK.xml,1113,3983,0.08793987479512753,493,0.02277375176766868,474
BNL.xml,1115,3983,0.0879398747951286,494,0.022773751767668726,474
BNM.xml,1116,3984,0.08793987479512867,498,0.022773751767667556,463
BNN.xml,1116,3984,0.08793987479512867,498,0.022773751767667556,463
BNP.xml,1114,3983,0.0879398747951286,494,0.022773751767668726,474
BNQ.xml,1115,3983,0.0879398747951286,494,0.022773751767668726,474
BNR.xml,1113,3983,0.08793987479512753,493,0.02277375176766868,474
BNT.xml,1115,3986,0.08793978706945586,479,0.02277375176766874,472
BNV.xml,1113,3983,0.01253960289850865,528,0.022773751767668673,489
BPA.xml,1121,3981,0.08793978706945577,505,0.022773751767668732,474
BPB.xml,1114,3983,0.0879398747951286,494,0.022773751767668726,474
BPC.xml,1113,3982,0.08793987479512894,471,0.0227737517676687,452
BPF.xml,1113,3982,0.012539602898508527,540,0.022773751767668587,491
BPG.xml,1110,3982,0.012539609067222209,507,0.02277375176766866,463
BPH.xml,1110,3982,0.012539609067222209,507,0.02277375176766866,463
BPI.xml,1117,3984,0.08793987479512867,498,0.022773751767667556,463
BPK.xml,1116,3983,0.0879398747951286,494,0.022773751767668726,474
BPL.xml,1112,3996,0.08793987479512864,461,0.02277375176766875,486
BPM.xml,1114,3984,0.08793987479512867,498,0.022773751767667556,463
BPN.xml,1116,3984,0.08793987479512867,498,0.022773751767667556,463
BPP.xml,1117,3988,0.0879397870694541,506,0.02277375176766873,488
BPQ.xml,1117,3984,0.08793987479512867,498,0.022773751767667556,463
BPR.xml,1111,3983,0.0879398747951286,494,0.022773751767668726,474
BPT.xml,1114,3983,0.08793978706945552,478,0.022773751767668705,476
BPV.xml,1115,3983,0.0879398747951286,494,0.022773751767668726,474
BQA.xml,1116,3985,0.01253960289850874,524,0.02277375176766876,478
BQB.xml,1118,3985,0.08793978706945442,499,0.022773751767668653,466
BQC.xml,1115,3984,0.08793987479512867,498,0.022773751767667556,463
BQE.xml,1115,3984,0.08793978706945596,506,0.022773751767668694,466
BQG.xml,1116,3984,0.08793987479512867,498,0.022773751767667556,463
BQH.xml,1113,3980,0.0879398429364095,484,0.022773751767668705,463
BQI.xml,1111,3982,0.08793978706945622,496,0.022773751767668732,487
BQM.xml,1117,3985,0.08793978706945442,499,0.022773751767668653,466
BQN.xml,1115,3984,0.08793987479512867,498,0.022773751767667556,463
BQP.xml,1118,3994,0.08793978706945466,509,0.02277375176766874,449
BQQ.xml,1113,3983,0.0879398747951286,494,0.022773751767668726,474
BQR.xml,1116,3984,0.08793987479512867,498,0.022773751767667556,463
BQS.xml,1114,3981,0.08793978706945535,496,0.02277375176766861,492
BQT.xml,1114,3982,0.012539609067222209,507,0.02277375176766866,463
BRA.xml,1116,3984,0.08793987479512864,479,0.02277375176766876,457
BRB.xml,1114,3984,0.08793987479512867,498,0.022773751767667556,463
BRC.xml,1115,3984,0.08793987479512867,498,0.022773751767667556,463
BRD.xml,1116,3985,0.08793978706945622,507,0.02277375176766874,452
BRE.xml,1113,3984,0.08793978706945596,506,0.022773751767668694,466
BRF.xml,1120,3984,0.08793987479512867,498,0.022773751767667556,463
BRG.xml,1115,4003,0.01256944754869563,493,0.022773751767668757,480
BRH.xml,1107,3982,0.08793978706945596,518,0.02277375176766876,484
BRK.xml,1103,3977,0.0,22,0.0,0
BRL.xml,1114,3993,0.08793978706945597,501,0.022773751767668687,461
BRM.xml,1110,3992,0.08793987479512798,468,0.022773751767668646,460
BRP.xml,1110,3986,0.08793987479512823,507,0.02277375176766865,460
BRQ.xml,1105,3980,0.08793987479512852,494,0.022773751767668667,467
BRV.xml,1117,3983,0.08793978706945564,515,0.022773751767668646,470
BSA.xml,1114,3983,0.08793987479512817,461,0.022773751767668687,485
BSB.xml,1116,3984,0.08793987479512867,498,0.022773751767667556,463
BSC.xml,1113,3981,0.012539609067222212,501,0.0227737517676687,493
BSD.xml,1117,3984,0.08793987479512867,498,0.022773751767667556,463
BSE.xml,1114,3983,0.08793987479512817,461,0.022773751767668687,485
BSG.xml,1117,3982,0.08793978706945564,492,0.02277375176766867,474
BSI.xml,1108,3985,0.08793987479512852,489,0.02277375176766868,473
BSK.xml,1123,3993,0.0879398747951272,488,0.022773751767668673,488
BSL.xml,1117,3985,0.08793978706945445,495,0.0227737517676688,474
BSM.xml,1120,3984,0.08793987479512867,498,0.022773751767667556,463
BSN.xml,1120,3984,0.08793987479512867,498,0.022773751767667556,463
BSP.xml,1117,3983,0.0879398747951286,494,0.022773751767668726,474
BSR.xml,1118,3989,0.08793984293640889,479,0.0227737517676687,442
BSS.xml,1116,3986,0.08793978706945563,514,0.022773751767668687,470
BST.xml,1117,3983,0.0879398747951286,494,0.022773751767668726,474
BTA.xml,1115,3982,0.0879398747951286,495,0.02277375176766869,483
BTB.xml,1105,3975,0.012539606829550921,519,0.022773751767668705,478
BTC.xml,1114,3982,0.012569441379562953,515,0.02277375176766868,482
BTD.xml,1115,3981,0.08793987479512792,504,0.022773751767668687,443
BTE.xml,1116,3984,0.08793987479512867,498,0.022773751767667556,463
BTF.xml,1110,3980,0.08793987479512852,494,0.022773751767668667,467
BTG.xml,1119,3984,0.08793987479512867,498,0.022773751767667556,463
BTH.xml,1119,3989,0.08793984293640889,479,0.0227737517676687,442
BTI.xml,1115,3984,0.08793987479512867,498,0.022773751767667556,463
BTL.xml,1112,3985,0.08793978706945442,499,0.022773751767668653,466
BTN.xml,1117,3985,0.08793978706945442,499,0.022773751767668653,466
BTP.xml,1117,3987,0.0879398426798096,509,0.022773751767668736,455
BTR.xml,1117,3987,0.0879398426798096,509,0.022773751767668736,455
BTS.xml,1114,3991,0.08793978706945593,521,0.022773751767668715,484
BTT.xml,1116,3981,0.08793978706945577,505,0.022773751767668732,474
BTV.xml,1114,3981,0.08793978706945577,505,0.022773751767668732,474
BVA.xml,1117,3984,0.08793987479512867,498,0.022773751767667556,463
BVB.xml,1119,3985,0.08793987479512894,492,0.022773751767668705,478
BVC.xml,1118,3982,0.08793978706945564,492,0.02277375176766867,474
BVD.xml,1111,3982,0.0879398747951286,495,0.02277375176766869,483
BVE.xml,1107,3976,0.08793978706945596,485,0.02277375176766871,461
BVF.xml,1117,3984,0.08793978706945575,479,0.022773751767668847,459
BVG.xml,1119,3985,0.08793987479512894,492,0.022773751767668705,478
BVH.xml,1123,3986,0.08793987479512823,507,0.02277375176766865,460
BVK.xml,1114,3984,0.08793987479512867,498,0.022773751767667556,463
BVM.xml,1116,3984,0.08793987479512867,498,0.022773751767667556,463
BVT.xml,1109,3982,0.08793987479512894,471,0.0227737517676687,452
BVV.xml,1111,3982,0.08793987479512894,471,0.0227737517676687,452
CAA.xml,1107,3980,0.0879398429364095,484,0.022773751767668705,463
CAB.xml,1108,3981,0.08793978706945577,505,0.022773751767668732,474
CAC.xml,1105,3982,0.08793987479512941,487,0.022773751767668653,459
CAD.xml,1111,3982,0.08793987479512894,471,0.0227737517676687,452
CAE.xml,1113,3983,0.0879398747951286,494,0.022773751767668726,474
CAF.xml,1113,3983,0.0879398747951286,494,0.022773751767668726,474
CAH.xml,1115,3983,0.0879398747951286,494,0.022773751767668726,474
CAI.xml,1116,3983,0.0879398747951286,494,0.022773751767668726,474
CAK.xml,1115,3983,0.0879398747951286,494,0.022773751767668726,474
CAL.xml,1115,3983,0.0879398747951286,494,0.022773751767668726,474
CAM.xml,1115,3985,0.08793987479512864,471,0.022773751767668694,477
CAN.xml,1110,3983,0.0879398747951286,494,0.022773751767668726,474
CAP.xml,1107,3981,0.08793978706945577,505,0.022773751767668732,474
CAQ.xml,1112,3985,0.08793987479512864,471,0.022773751767668694,477
CAR.xml,1112,3985,0.08793978706945442,499,0.022773751767668653,466
CAS.xml,1115,3985,0.08793978706945442,499,0.022773751767668653,466
CAT.xml,1112,3985,0.08793978706945442,499,0.022773751767668653,466
CAV.xml,1111,3983,0.0879398747951286,494,0.022773751767668726,474
CBA.xml,1115,3983,0.0879398747951286,494,0.022773751767668726,474
CBB.xml,1110,3983,0.0879398747951286,494,0.022773751767668726,474
CBC.xml,1111,3983,0.0879398747951286,494,0.022773751767668726,474
CBD.xml,1110,3983,0.0879398747951286,494,0.022773751767668726,474
CBE.xml,1110,3983,0.0879398747951286,494,0.022773751767668726,474
CBF.xml,1116,3984,0.08793987479512867,498,0.022773751767667556,463
CBG.xml,1116,3985,0.08793978706945622,507,0.02277375176766874,452
CBH.xml,1114,3983,0.0879398747951286,494,0.022773751767668726,474
CBI.xml,1115,3984,0.08793987479512867,498,0.022773751767667556,463
CBK.xml,1113,3980,0.0,37,0.0,0
CBL.xml,1122,3984,0.0,161,0.0,135
CBM.xml,1121,3983,0.0,129,0.0,131
CBN.xml,1118,3988,0.0879397870694541,506,0.02277375176766873,488
CBR.xml,1103,3980,0.08793987479512852,494,0.022773751767668667,467
CCC.xml,1122,4005,0.08793978706945543,483,0.022773751767805966,589
CCD.xml,1122,4005,0.08793978706945543,483,0.022773751767805966,589
CCE.xml,1122,4005,0.08793978706945543,483,0.022773751767805966,589
CCF.xml,1122,4005,0.08793978706945543,483,0.022773751767805966,589
CCG.xml,1122,4005,0.08793978706945543,483,0.022773751767805966,589
CCH.xml,1122,4005,0.08793978706945543,483,0.022773751767805966,589
CCI.xml,1114,4002,0.01253960289850873,492,0.022773751767668673,459
CCL.xml,1118,3993,0.0879398747951272,488,0.022773751767668673,488
CCM.xml,1116,3985,0.08793978706945445,495,0.0227737517676688,474
CCN.xml,1115,3993,0.0879398747951272,488,0.022773751767668673,488
CCP.xml,1119,3993,0.0879398747951272,488,0.022773751767668673,488
CCQ.xml,1118,3993,0.0879398747951272,488,0.022773751767668673,488
CCR.xml,1118,3993,0.0879398747951272,488,0.022773751767668673,488
CCS.xml,1117,3993,0.0879398747951272,488,0.022773751767668673,488
CCT.xml,1113,3992,0.08793978706945596,503,0.02277375176766868,461
CCV.xml,1116,3995,0.08793987479512894,482,0.022773751767668802,499
CDA.xml,1107,3981,0.08793987479512874,485,0.022773751767668705,477
CDB.xml,1119,3993,0.0879398747951272,488,0.022773751767668673,488
CDC.xml,1119,3992,0.08793987479512894,500,0.022773751767668673,466
CDD.xml,1120,3992,0.08793987479512894,500,0.022773751767668673,466
CDE.xml,1120,3992,0.08793987479512894,500,0.022773751767668673,466
CDF.xml,1119,3984,0.08793987479512867,498,0.022773751767667556,463
CDG.xml,1119,3984,0.08793987479512867,498,0.022773751767667556,463
CDH.xml,1119,3984,0.08793987479512867,498,0.022773751767667556,463
CDI.xml,1119,3984,0.08793987479512867,498,0.022773751767667556,463
CDK.xml,1115,3984,0.08793987479512867,498,0.022773751767667556,463
CDL.xml,1117,3993,0.0879398747951272,488,0.022773751767668673,488
CDM.xml,1115,3983,0.08793978706945596,506,0.02277375176766871,474
CDN.xml,1120,3994,0.08793987479512859,471,0.02277375176766877,467
CDP.xml,1116,3993,0.0879398747951272,488,0.022773751767668673,488
CDQ.xml,1116,3993,0.0879398747951272,488,0.022773751767668673,488
CDR.xml,1108,3977,0.08793987479512798,500,0.0227737517676687,487
CDS.xml,1115,3984,0.08793987479512895,449,0.02277375176766866,481
CDT.xml,1103,3965,0.0,32,0.0,0
CDV.xml,1119,3988,0.0879397870694541,506,0.02277375176766873,488
CEA.xml,1115,3986,0.08793987479512859,472,0.02277375176766871,459
CEB.xml,1116,3986,0.08793987479512859,472,0.02277375176766871,459
CEC.xml,1116,3984,0.08793987479512867,498,0.022773751767667556,463
CED.xml,1119,3988,0.0879397870694541,506,0.02277375176766873,488
CEE.xml,1115,3988,0.0879397870694541,506,0.02277375176766873,488
CEF.xml,1119,3988,0.0879397870694541,506,0.02277375176766873,488
CEG.xml,1113,3982,0.08793987479512941,487,0.022773751767668653,459
CEH.xml,1118,3993,0.0879398747951272,488,0.022773751767668673,488
CEI.xml,1112,3982,0.08793987479512941,487,0.022773751767668653,459
CEK.xml,1115,3994,0.08793987479512796,509,0.022773751767668743,465
CEL.xml,1113,3993,0.08793978706945572,516,0.02277375176766861,476
CEM.xml,1109,3981,0.08793978706945535,496,0.02277375176766861,492
CEN.xml,1119,3994,0.08793987479512796,509,0.022773751767668743,465
CEP.xml,1114,3993,0.0879398747951272,488,0.022773751767668673,488
CEQ.xml,1109,3983,0.0879398747951286,494,0.022773751767668726,474
CER.xml,1096,3973,0.08793987479512842,464,0.022773751767668667,457
CES.xml,1097,3973,0.08793987479512842,464,0.022773751767668667,457
CET.xml,1094,3973,0.08793987479512842,464,0.022773751767668667,457
CEV.xml,1109,3993,0.012569441379588597,556,0.02277375176766869,490
CFA.xml,1111,3971,0.08793987479512894,483,0.022773751767668715,458
CFB.xml,1112,3984,0.08793987479512867,498,0.022773751767667556,463
CFC.xml,1117,3988,0.0879398747951281,456,0.022773751767668722,462
CFD.xml,1101,3976,0.08793987479512906,486,0.022773751767668764,458
CFE.xml,1114,3984,0.08793987479512867,498,0.022773751767667556,463
CFF.xml,1123,3984,0.08793987479512867,498,0.022773751767667556,463
CFG.xml,1102,3976,0.08793987479512853,475,0.022773751767668677,451
CFH.xml,1102,3976,0.08793987479512853,475,0.022773751767668677,451
CFI.xml,1111,3979,0.08793987479512863,463,0.022773751767668767,476
CFM.xml,1101,3976,0.08793987479512906,486,0.022773751767668764,458
CFN.xml,1110,3979,0.08793987479512863,463,0.022773751767668767,476
CFP.xml,1117,3983,0.08793987479512684,487,0.022773751767668684,452
CFQ.xml,1118,3986,0.08793987479512864,471,0.0227737517676688,481
CFR.xml,1111,3979,0.0879398747951286,501,0.022773751767668705,487
CFS.xml,1116,3984,0.08793987479512867,498,0.022773751767667556,463
CFT.xml,1121,3985,0.08793987479512852,489,0.02277375176766868,473
CFV.xml,1111,3981,0.012539609067222212,501,0.0227737517676687,493
CGB.xml,1117,3993,0.0879398747951272,488,0.022773751767668673,488
CGC.xml,1107,3982,0.0879398747951286,495,0.02277375176766869,483
CGD.xml,1107,3978,0.0,38,0.0,0
CGE.xml,1107,3978,0.0,38,0.0,0
CGG.xml,1113,3993,0.08793987479512884,501,0.02277375176766878,479
CGH.xml,1109,3981,0.08793987479512894,479,0.02277375176766868,467
CGI.xml,1113,3993,0.08793987479512884,501,0.02277375176766878,479
CGK.xml,1114,4003,0.01256944754869563,493,0.022773751767668757,480
CGL.xml,1112,3991,0.08793978706945593,521,0.022773751767668715,484
CGN.xml,1115,4004,0.08793987479512892,473,0.02277375176766876,455
CGP.xml,1115,4004,0.08793987479512892,473,0.02277375176766876,455
CGQ.xml,1115,4003,0.01256944754869563,493,0.022773751767668757,480
CGR.xml,1113,3993,0.08793987479512896,487,0.022773751767668698,459
CGS.xml,1116,3984,0.08793987479512867,498,0.022773751767667556,463
CGT.xml,1117,3984,0.08793987479512867,498,0.022773751767667556,463
CGV.xml,1111,3981,0.08793978706945577,505,0.022773751767668732,474
CHA.xml,1112,3981,0.08793978706945524,516,0.02277375176766867,459
CHB.xml,1118,3984,0.08793987479512867,498,0.022773751767667556,463
CHC.xml,1116,3983,0.0879398747951286,494,0.022773751767668726,474
CHD.xml,1119,3984,0.08793987479512867,498,0.022773751767667556,463
CHE.xml,1119,3988,0.08793987479512798,479,0.022773751767668743,462
CHF.xml,1116,3985,0.08793987479512864,471,0.022773751767668694,477
CHG.xml,1111,3981,0.08793978706945577,505,0.022773751767668732,474
CHH.xml,1103,3980,0.012539602898508603,507,0.022773751767668646,453
CHI.xml,1111,3982,0.08793984293640966,483,0.022773751767668673,468
CHK.xml,1106,3977,0.08793987479512798,500,0.0227737517676687,487
CHL.xml,1114,3983,0.08793987479512684,487,0.022773751767668684,452
CHM.xml,1115,4003,0.01256944754869563,493,0.022773751767668757,480
CHN.xml,1112,3980,0.08793987479512777,471,0.022773751767668732,487
CHP.xml,1112,3980,0.08793987479512777,471,0.022773751767668732,487
CHQ.xml,1113,4001,0.012539602898508716,506,0.02277375176766873,439
CHR.xml,1115,3984,0.08793987479512867,498,0.022773751767667556,463
CHS.xml,1118,3984,0.08793978706945575,479,0.022773751767668847,459
CHT.xml,1119,3984,0.08793978706945575,479,0.022773751767668847,459
CHV.xml,1116,3984,0.08793978706945575,479,0.022773751767668847,459
CIA.xml,1112,3982,0.012539609067222209,507,0.02277375176766866,463
CIB.xml,1112,3982,0.012539609067222209,507,0.02277375176766866,463
CIC.xml,1114,3989,0.08793987479512874,494,0.022773751767668708,478
CID.xml,1114,3980,0.08793987479512798,495,0.02277375176766865,479
CIE.xml,1115,3983,0.08793987479512684,487,0.022773751767668684,452
CIF.xml,1112,3978,0.08793987479512894,464,0.022773751767668726,475
CIG.xml,1115,3981,0.08793978706945577,505,0.022773751767668732,474
CIH.xml,1117,3983,0.0879398747951286,494,0.022773751767668726,474
CII.xml,1114,3983,0.08793987479512799,511,0.022773751767668673,454
CIK.xml,1114,3983,0.08793987479512799,511,0.022773751767668673,454
CIL.xml,1114,3979,0.08793987479512917,498,0.022773751767668656,466
CIM.xml,1112,3983,0.0879398747951286,494,0.022773751767668726,474
CIN.xml,1112,3983,0.0879398747951286,494,0.022773751767668726,474
CIP.xml,1113,3983,0.0879398747951286,494,0.022773751767668726,474
CIQ.xml,1107,3980,0.01253960289850865,503,0.022773751767668774,468
CIR.xml,1112,3983,0.0879398747951286,494,0.022773751767668726,474
CIS.xml,1112,3983,0.0879398747951286,494,0.022773751767668726,474
CIT.xml,1112,3983,0.0879398747951286,494,0.022773751767668726,474
CIV.xml,1112,3983,0.0879398747951286,494,0.022773751767668726,474
CKA.xml,1113,3982,0.08793987479512884,456,0.022773751767668677,453
CKB.xml,1112,3983,0.0879398747951286,494,0.022773751767668726,474
CKC.xml,1112,3983,0.0879398747951286,494,0.022773751767668726,474
CKD.xml,1112,3983,0.0879398747951286,494,0.022773751767668726,474
CKE.xml,1112,3983,0.0879398747951286,494,0.022773751767668726,474
CKF.xml,1112,3983,0.0879398747951286,494,0.022773751767668726,474
CKG.xml,1112,3983,0.0879398747951286,494,0.022773751767668726,474
CKH.xml,1112,3983,0.0879398747951286,494,0.022773751767668726,474
CKI.xml,1112,3983,0.0879398747951286,494,0.022773751767668726,474
CKK.xml,1117,3984,0.08793987479512867,498,0.022773751767667556,463
CKL.xml,1112,3983,0.0879398747951286,494,0.022773751767668726,474
CKM.xml,1112,3983,0.0879398747951286,494,0.022773751767668726,474
CKN.xml,1122,3994,0.08793987479512894,497,0.02277375176766867,472
CKP.xml,1112,3983,0.0879398747951286,494,0.022773751767668726,474
CKQ.xml,1112,3983,0.0879398747951286,494,0.022773751767668726,474
CKR.xml,1118,3994,0.08793978706945534,499,0.022773751767668667,455
CKS.xml,1116,3984,0.08793987479512867,498,0.022773751767667556,463
CKT.xml,1112,3983,0.0879398747951286,494,0.022773751767668726,474
CKV.xml,1104,3971,0.08793978706945597,489,0.022773751767668677,460
CLA.xml,1114,3984,0.08793987479512867,498,0.022773751767667556,463
CLB.xml,1120,3993,0.0879398747951272,488,0.022773751767668673,488
CLC.xml,1120,3993,0.0879398747951272,488,0.022773751767668673,488
CLD.xml,1120,3993,0.0879398747951272,488,0.022773751767668673,488
CLG.xml,1120,3994,0.08793987479512894,495,0.022773751767668736,490
CLH.xml,1113,3984,0.01253960568047677,492,0.022773751767668698,458
CLI.xml,1110,3989,0.08793987479512892,474,0.02277375176766864,452
CLK.xml,1111,3989,0.08793987479512706,504,0.022773751767668677,488
CLL.xml,1111,3989,0.08793987479512706,504,0.022773751767668677,488
CLM.xml,1108,3986,0.08793987479512844,495,0.022773751767668726,462
CLN.xml,1108,3989,0.08793987479512892,474,0.02277375176766864,452
CLP.xml,1111,3989,0.08793987479512706,504,0.022773751767668677,488
CLQ.xml,1108,3991,0.08793987479512895,476,0.022773751767668732,486
CLR.xml,1111,3989,0.08793987479512706,504,0.022773751767668677,488
CLS.xml,1110,3989,0.08793987479512706,504,0.022773751767668677,488
CLT.xml,1111,3989,0.08793987479512706,504,0.022773751767668677,488
CLV.xml,1110,3989,0.08793987479512706,504,0.022773751767668677,488
CMB.xml,1111,3989,0.08793987479512706,504,0.022773751767668677,488
CMC.xml,1110,3989,0.08793987479512706,504,0.022773751767668677,488
CMD.xml,1110,3989,0.08793987479512706,504,0.022773751767668677,488
CME.xml,1110,3989,0.08793987479512706,504,0.022773751767668677,488
CMF.xml,1114,3991,0.08793978706945593,521,0.022773751767668715,484
CMG.xml,1119,4005,0.08793978706945775,520,0.022773751767668635,469
CMH.xml,1110,3988,0.08793987479512819,496,0.022773751767668656,469
CMI.xml,1108,3988,0.08793987479512831,465,0.022773751767668732,462
CMK.xml,1111,3989,0.08793987479512892,474,0.02277375176766864,452
CML.xml,1109,3989,0.08793987479512706,504,0.022773751767668677,488
CMM.xml,1109,3988,0.08793984293640886,478,0.02277375176766867,488
CMN.xml,1109,3986,0.08793987479512894,481,0.022773751767668746,489
CMP.xml,1120,4005,0.08793978706945543,483,0.022773751767805966,589
CMQ.xml,1122,4005,0.08793978706945543,483,0.022773751767805966,589
CMS.xml,1116,3993,0.0879398747951272,488,0.022773751767668673,488
CMT.xml,1114,3980,0.0879398747951283,482,0.02277375176766864,473
CNB.xml,1120,3985,0.08793987479512894,492,0.022773751767668705,478
CNC.xml,1114,3982,0.012539602898508527,540,0.022773751767668587,491
CNE.xml,1120,3985,0.08793987479512894,492,0.022773751767668705,478
CNF.xml,1120,3985,0.08793987479512894,492,0.022773751767668705,478
CNG.xml,1119,3983,0.08793987479512817,461,0.022773751767668687,485
CNH.xml,1112,3982,0.0879398747951286,495,0.02277375176766869,483
CNI.xml,1114,3980,0.0879398747951283,482,0.02277375176766864,473
CNK.xml,1113,3983,0.08793987479512799,511,0.022773751767668673,454
CNL.xml,1120,3985,0.08793987479512894,492,0.022773751767668705,478
CNM.xml,1119,3981,0.08793978706945577,505,0.022773751767668732,474
CNN.xml,1117,3985,0.08793987479512894,492,0.022773751767668705,478
CNP.xml,1121,3983,0.08793987479512817,461,0.022773751767668687,485
CNQ.xml,1114,3981,0.08793987479512895,481,0.022773751767668698,492
CNR.xml,1118,3982,0.0879398747951286,495,0.02277375176766869,483
CNS.xml,1117,3984,0.08793978706945575,479,0.022773751767668847,459
CNT.xml,1117,3984,0.08793978706945575,479,0.022773751767668847,459
CNV.xml,1114,3981,0.08793978706945679,518,0.022773751767668677,439
CPA.xml,1116,3980,0.08793987479512896,476,0.02277375176766879,465
CPB.xml,1122,3984,0.08793978706945593,506,0.0227737517676687,467
CPC.xml,1123,3983,0.0879398747951286,494,0.022773751767668726,474
CPD.xml,1111,3993,0.0879398747951272,488,0.022773751767668673,488
CPE.xml,1115,3984,0.08793987479512867,498,0.022773751767667556,463
CPF.xml,1112,3982,0.08793978706945596,518,0.02277375176766876,484
CPG.xml,1111,3979,0.0,20,0.0,0
CPI.xml,1121,3976,0.08793978706945595,514,0.022773751767668708,484
CPK.xml,1108,3974,0.08793987479512878,484,0.022773751767668684,463
CPL.xml,1106,3973,0.0879397870694559,497,0.022773751767668673,471
CPM.xml,1114,3979,0.08793984267980892,513,0.02277375176766874,460
CPN.xml,1134,3977,0.08793978706945564,497,0.02277375176766873,474
CPQ.xml,1121,3978,0.08793978706945599,531,0.022773751767668736,490
CPR.xml,1134,3977,0.08793978706945564,497,0.02277375176766873,474
CPS.xml,1112,3983,0.0879398747951286,494,0.022773751767668726,474
CPT.xml,1111,3979,0.08793987479512871,476,0.02277375176766865,470
CQA.xml,1108,3981,0.08793984267980892,488,0.022773751767668673,482
CQB.xml,1104,3978,0.0879398747951276,490,0.022773751767668656,497
CQC.xml,1118,3983,0.08793987479512817,461,0.022773751767668687,485
CQD.xml,1118,3983,0.08793987479512817,461,0.022773751767668687,485
CQE.xml,1120,3992,0.08793978706945552,481,0.022773751767668715,466
CQF.xml,1120,3992,0.08793978706945552,481,0.022773751767668715,466
CQG.xml,1118,3983,0.08793987479512817,461,0.022773751767668687,485
CQH.xml,1119,3992,0.08793978706945552,481,0.022773751767668715,466
CQI.xml,1118,3983,0.08793987479512817,461,0.022773751767668687,485
CQK.xml,1120,3992,0.08793978706945552,481,0.022773751767668715,466
CQL.xml,1120,3992,0.08793978706945552,481,0.022773751767668715,466
CQM.xml,1120,3992,0.08793978706945552,481,0.022773751767668715,466
CQN.xml,1120,3992,0.08793978706945552,481,0.022773751767668715,466
CQP.xml,1119,3992,0.08793978706945552,481,0.022773751767668715,466
CQQ.xml,1111,3989,0.08793987479512706,504,0.022773751767668677,488
CQR.xml,1111,3989,0.08793987479512706,504,0.022773751767668677,488
CQS.xml,1109,3987,0.0,29,0.0,0
CQT.xml,1116,3983,0.0879398747951286,494,0.022773751767668726,474
CQV.xml,1116,3984,0.08793987479512867,498,0.022773751767667556,463
CRA.xml,1114,3981,0.08793978706945577,505,0.022773751767668732,474
CRB.xml,1114,3983,0.0879398747951286,494,0.022773751767668726,474
CRC.xml,1117,3986,0.08793987479512864,471,0.0227737517676688,481
CRD.xml,1116,3983,0.0879398747951286,494,0.022773751767668726,474
CRE.xml,1124,3984,0.08793987479512896,510,0.022773751767668656,478
CRG.xml,1117,3985,0.08793978706945442,499,0.022773751767668653,466
CRH.xml,1120,3989,0.08793984293640889,479,0.0227737517676687,442
CRI.xml,1115,3983,0.08793987479512817,461,0.022773751767668687,485
CRK.xml,1116,3984,0.08793987479512867,498,0.022773751767667556,463
CRL.xml,1115,3983,0.0879398747951286,494,0.022773751767668726,474
SACE_GAL.xml,1115,3991,0.08793978706945597,493,0.022773751767668687,481
SACE_GAP.xml,1115,3984,0.08793987479512867,498,0.022773751767667556,463
SACE_GAS.xml,1115,3992,0.012569445400990566,490,0.022773751767668864,482
SACE_GAT.xml,1117,3992,0.0879398747951286,465,0.02277375176766874,483
SACE_GAV.xml,1119,3985,0.0,66,0.0,152
SACE_MAA.xml,1114,3983,0.012539602898508665,526,0.022773751767668722,476
SACE_MAB.xml,1113,3983,0.0879398747951283,492,0.022773751767668757,478
SACE_MAL.xml,1112,3995,0.08793987479512842,474,0.0227737517676687,472
SACE_YAA.xml,1118,3988,0.0879397870694541,506,0.02277375176766873,488
SACE_YAB.xml,1109,3990,0.08793987479512795,497,0.022773751767668708,478
SACE_YAC.xml,1115,3983,0.08793978706945524,519,0.02277375176766871,484
SACE_YAD.xml,1120,3989,0.08793978706945442,506,0.022773751767668764,446
SACE_YAE.xml,1105,3977,0.0,20,0.0,0
SACE_YAF.xml,1112,3983,0.08793987479512684,487,0.022773751767668684,452
SACE_YAG.xml,1111,3992,0.08793987479512798,468,0.022773751767668646,460
SACE_YAK.xml,1114,3982,0.08793987479512805,492,0.02277375176766874,487
SACE_YAL.xml,1113,3981,0.08793987479512848,475,0.022773751767668736,477
SACE_YAM.xml,1107,3983,0.0879398747951286,494,0.022773751767668726,474
SACE_YAN.xml,1116,3983,0.0879398747951286,494,0.022773751767668726,474
SACE_YAP.xml,1117,3984,0.08793987479512867,498,0.022773751767667556,463
SACE_YAQ.xml,1116,3984,0.08793987479512867,498,0.022773751767667556,463
SACE_YAR.xml,1117,3985,0.08793978706945445,495,0.0227737517676688,474
SACE_YAT.xml,1113,3981,0.08793978706945577,505,0.022773751767668732,474
SACE_YAU.xml,1114,3983,0.0879398747951286,494,0.022773751767668726,474
SACE_YAV.xml,1114,3984,0.08793987479512867,498,0.022773751767667556,463
SACE_YAW.xml,1117,3983,0.0879398747951286,494,0.022773751767668726,474
SACE_YAX.xml,1112,3984,0.08793978706945575,479,0.022773751767668847,459
SACE_YAY.xml,1112,3980,0.0879398429364095,484,0.022773751767668705,463
SACE_YAZ.xml,1115,3983,0.0879398747951286,494,0.022773751767668726,474
SACE_YBA.xml,1116,3983,0.0879398747951286,494,0.022773751767668726,474
SACE_YBB.xml,1113,3980,0.0879398429364095,484,0.022773751767668705,463
SACE_YBE.xml,1115,3983,0.0879398747951286,494,0.022773751767668726,474
SACE_YBF.xml,1116,3983,0.0879398747951286,494,0.022773751767668726,474
SACE_YBG.xml,1112,3980,0.0879398429364095,484,0.022773751767668705,463
SACE_YBH.xml,1113,3980,0.0879398429364095,484,0.022773751767668705,463
SACE_YBJ.xml,1116,3985,0.08793978706945445,495,0.0227737517676688,474
SACE_YBK.xml,1117,3993,0.0879398747951272,488,0.022773751767668673,488
SACE_YBL.xml,1117,3993,0.0879398747951272,488,0.022773751767668673,488
SACE_YBM.xml,1111,3980,0.08793978706945585,518,0.022773751767668673,462
SACE_YBN.xml,1111,3981,0.012539609067222212,501,0.0227737517676687,493
SACE_YBO.xml,1114,3983,0.01253960289850865,528,0.022773751767668673,489
SACE_YBP.xml,1114,3982,0.08793978706945622,496,0.022773751767668732,487
SACE_YBQ.xml,1109,3978,0.0,44,0.0,0
SACE_YBR.xml,1103,3977,0.0,22,0.0,0
SACE_YBS.xml,1119,3985,0.08793978706945445,495,0.0227737517676688,474
SACE_YBT.xml,1117,3982,0.01256944137956291,523,0.022773751767668618,449
SACE_YBU.xml,1110,3991,0.08793978706945528,512,0.022773751767668698,495
SACE_YBV.xml,1114,3983,0.08793987479512884,480,0.022773751767668684,479
SACE_YBW.xml,1118,3984,0.08793987479512867,498,0.022773751767667556,463
SACE_YBX.xml,1112,3983,0.08793987479512753,493,0.02277375176766868,474
SACE_YBY.xml,1115,3983,0.08793987479512817,461,0.022773751767668687,485
SACE_YBZ.xml,1116,3984,0.08793987479512867,498,0.022773751767667556,463
SACE_YCA.xml,1118,3982,0.08793978706945564,492,0.02277375176766867,474
SACE_YCB.xml,1116,3984,0.0879397870694554,499,0.02277375176766867,493
SACE_YCC.xml,1111,3981,0.08793978706945597,512,0.0227737517676687,485
SACE_YCD.xml,1113,3983,0.08793987479512817,461,0.022773751767668687,485
SACE_YCE.xml,1113,3984,0.08793987479512894,473,0.022773751767668705,457
SACE_YCF.xml,1116,3985,0.08793987479512894,492,0.022773751767668705,478
SACE_YCG.xml,1116,3985,0.08793978706945596,487,0.02277375176766869,478
SACE_YCH.xml,1115,3984,0.08793987479512894,473,0.022773751767668705,457
SACE_YCI.xml,1116,3985,0.08793978706945622,507,0.02277375176766874,452
SACE_YCJ.xml,1110,3982,0.01256944137956292,494,0.022773751767668687,472
SACE_YCK.xml,1108,3992,0.08793978706945596,503,0.02277375176766868,461
SACE_YCL.xml,1118,3986,0.08793978706945775,499,0.022773751767668816,492
SACE_YCM.xml,1111,3979,0.08793984293640918,508,0.02277375176766876,459
SACE_YCN.xml,1112,3981,0.08793987479512842,492,0.02277375176766868,431
SACE_YCO.xml,1117,3993,0.0879398747951272,488,0.022773751767668673,488
SACE_YCP.xml,1114,3985,0.08793978706945622,507,0.02277375176766874,452
SACE_YCQ.xml,1114,3983,0.08793987479512817,461,0.022773751767668687,485
SACE_YCR.xml,1117,3993,0.0879398747951272,488,0.022773751767668673,488
SACE_YCS.xml,1118,3985,0.08793987479512852,489,0.02277375176766868,473
SACE_YCT.xml,1116,3986,0.08793987479512864,471,0.0227737517676688,481
SACE_YCU.xml,1118,3984,0.08793987479512867,498,0.022773751767667556,463
SACE_YCV.xml,1113,3982,0.08793978706945622,496,0.022773751767668732,487
SACE_YCW.xml,1117,3993,0.012569447548695682,490,0.02277375176766869,459
SACE_YCX.xml,1117,3992,0.0879398747951286,465,0.02277375176766874,483
SACE_YCY.xml,1120,3996,0.08793987479512896,485,0.022773751767668608,467
SACE_YCZ.xml,1117,3985,0.08793978706945445,495,0.0227737517676688,474
SACE_YDA.xml,1111,3984,0.0879398747951291,484,0.02277375176766863,452
SACE_YDB.xml,1115,3984,0.08793987479512867,498,0.022773751767667556,463
SACE_YDC.xml,1112,3982,0.08793978706945564,492,0.02277375176766867,474
SACE_YDD.xml,1113,3995,0.08793978706945567,493,0.022773751767668698,470
SACE_YDE.xml,1111,3979,0.08793984293640918,508,0.02277375176766876,459
SACE_YDF.xml,1115,3984,0.08793987479512867,498,0.022773751767667556,463
SACE_YDG.xml,1117,3993,0.0879398747951272,488,0.022773751767668673,488
SACE_YDH.xml,1110,3982,0.08793987479512894,471,0.0227737517676687,452
SACE_YDI.xml,1117,3994,0.0879398747951279,480,0.022773751767668802,474
SACE_YDJ.xml,1114,3983,0.0879398747951286,494,0.022773751767668726,474
SACE_YDK.xml,1108,3992,0.08793978706945596,503,0.02277375176766868,461
SACE_YDL.xml,1112,3981,0.08793987479512894,479,0.02277375176766868,467
SACE_YDM.xml,1103,3962,0.0,21,0.0,0
SACE_YDN.xml,1113,3982,0.08793978706945477,502,0.02277375176766871,473
SACE_YDO.xml,1117,3984,0.08793987479512867,498,0.022773751767667556,463
