,ssGEMs,gene_numb,rxn_numb,aerobic growth,aerobic_rxns,anaerobic_growth,anaerobic_rxns,ssGEM_id
0,GCA_000662435.2_Sc_YJM993_v1_genomic.xml,1086,3871,0.0125396090672222,496,0.0227737517676687,467,GCA_000662435.2
1,GCA_000975585.2_Sc_YJM195_v1_genomic.xml,1086,3873,0.0,60,0.0,54,GCA_000975585.2
2,GCA_000975615.2_Sc_YJM244_v1_genomic.xml,1075,3859,0.0125281745451024,480,0.0227737517676686,461,GCA_000975615.2
3,GCA_000975645.3_Sc_YJM1078_v1_genomic.xml,1077,3854,0.0,35,0.0,0,GCA_000975645.3
4,GCA_000975675.2_Sc_YJM1083_v1_genomic.xml,1083,3872,0.0,214,0.0,204,GCA_000975675.2
5,GCA_000975705.2_Sc_YJM1129_v1_genomic.xml,1092,3877,0.0125396028985087,527,0.0227737517676686,478,GCA_000975705.2
6,GCA_000975735.4_Sc_YJM189_v1_genomic.xml,1090,3879,0.0125396028985086,502,0.0227737517676687,486,GCA_000975735.4
7,GCA_000975765.2_Sc_YJM193_v1_genomic.xml,1080,3874,0.0125396056804767,518,0.0227737517676687,487,GCA_000975765.2
8,GCA_000975795.2_Sc_YJM248_v1_genomic.xml,1083,3872,0.0,21,0.0,0,GCA_000975795.2
9,GCA_000975825.2_Sc_YJM270_v1_genomic.xml,1081,3871,0.0125396028985087,493,0.0227737517676686,494,GCA_000975825.2
10,GCA_000975855.3_Sc_YJM271_v1_genomic.xml,1069,3858,0.0125396090672222,493,0.0227737517676686,467,GCA_000975855.3
11,GCA_000975885.2_Sc_YJM320_v1_genomic.xml,1091,3873,0.0104243809526252,481,0.0216423732272992,488,GCA_000975885.2
12,GCA_000975915.2_Sc_YJM326_v1_genomic.xml,1086,3876,0.0,26,0.0,0,GCA_000975915.2
13,GCA_000975945.2_Sc_YJM428_v1_genomic.xml,1087,3868,0.0,107,0.0,154,GCA_000975945.2
14,GCA_000975975.3_Sc_YJM450_v1_genomic.xml,1087,3874,0.0104243841429989,487,0.021642373227299,464,GCA_000975975.3
15,GCA_000976005.2_Sc_YJM451_v1_genomic.xml,1068,3801,0.0,82,0.0,125,GCA_000976005.2
16,GCA_000976035.2_Sc_YJM453_v1_genomic.xml,1082,3876,0.0125396090672221,486,0.0227737517676686,472,GCA_000976035.2
17,GCA_000976065.2_Sc_YJM456_v1_genomic.xml,1089,3875,0.0125396028985087,485,0.0227737517676687,474,GCA_000976065.2
18,GCA_000976095.2_Sc_YJM470_v1_genomic.xml,1083,3884,0.0124875538646471,506,0.0,0,GCA_000976095.2
19,GCA_000976125.2_Sc_YJM541_v1_genomic.xml,1081,3875,0.0,171,0.0,227,GCA_000976125.2
20,GCA_000976155.4_Sc_YJM554_v1_genomic.xml,1091,3876,0.0104243798659482,506,0.0216423732272991,474,GCA_000976155.4
21,GCA_000976185.2_Sc_YJM555_v1_genomic.xml,1090,3874,0.0104243841429988,479,0.0216423732272991,478,GCA_000976185.2
22,GCA_000976215.2_Sc_YJM627_v1_genomic.xml,1078,3856,0.0,26,0.0,40,GCA_000976215.2
23,GCA_000976245.2_Sc_YJM681_v1_genomic.xml,1088,3874,0.0125396056804767,518,0.0227737517676687,487,GCA_000976245.2
24,GCA_000976275.4_Sc_YJM682_v1_genomic.xml,1087,3878,0.0125396055595215,498,0.0227737517676686,436,GCA_000976275.4
25,GCA_000976305.2_Sc_YJM683_v1_genomic.xml,1082,3877,0.0125396028985087,527,0.0227737517676686,478,GCA_000976305.2
26,GCA_000976335.2_Sc_YJM689_v1_genomic.xml,1079,3676,0.0,31,0.0,114,GCA_000976335.2
27,GCA_000976365.2_Sc_YJM693_v1_genomic.xml,1086,3877,0.0125396028985086,522,0.0227737517676687,484,GCA_000976365.2
28,GCA_000976395.2_Sc_YJM969_v1_genomic.xml,1084,3871,0.0125396090672222,496,0.0227737517676687,467,GCA_000976395.2
29,GCA_000976425.2_Sc_YJM972_v1_genomic.xml,1087,3873,0.0,106,0.0,0,GCA_000976425.2
30,GCA_000976455.3_Sc_YJM975_v1_genomic.xml,1088,3873,0.0,106,0.0,0,GCA_000976455.3
31,GCA_000976485.2_Sc_YJM978_v1_genomic.xml,1085,3870,0.0,118,0.0,90,GCA_000976485.2
32,GCA_000976515.2_Sc_YJM981_v1_genomic.xml,1087,3873,0.0,106,0.0,0,GCA_000976515.2
33,GCA_000976545.2_Sc_YJM984_v1_genomic.xml,1085,3874,0.0125396028985086,508,0.0227737517676687,490,GCA_000976545.2
34,GCA_000976575.4_Sc_YJM987_v1_genomic.xml,1086,3873,0.0,106,0.0,0,GCA_000976575.4
35,GCA_000976605.3_Sc_YJM990_v1_genomic.xml,1065,3834,0.0,28,0.0,61,GCA_000976605.3
36,GCA_000976665.2_Sc_YJM996_v1_genomic.xml,1084,3870,0.0,118,0.0,90,GCA_000976665.2
37,GCA_000976695.3_Sc_YJM1133_v1_genomic.xml,1070,3830,0.0,19,0.0,0,GCA_000976695.3
38,GCA_000976725.3_Sc_YJM1190_v1_genomic.xml,1090,3876,0.0104243798659482,506,0.0216423732272991,474,GCA_000976725.3
39,GCA_000976755.2_Sc_YJM1199_v1_genomic.xml,1089,3875,0.0,62,0.0,156,GCA_000976755.2
40,GCA_000976785.2_Sc_YJM1202_v1_genomic.xml,1089,3877,0.0,32,0.0,148,GCA_000976785.2
41,GCA_000976815.3_Sc_YJM1208_v1_genomic.xml,1084,3873,0.0125396028985086,514,0.0227737517676686,492,GCA_000976815.3
42,GCA_000976845.3_Sc_YJM1242_v1_genomic.xml,1085,3873,0.0125396028985087,521,0.0227737517676687,479,GCA_000976845.3
43,GCA_000976875.3_Sc_YJM1244_v1_genomic.xml,1085,3868,0.0125281717682041,516,0.0227737517676687,478,GCA_000976875.3
44,GCA_000976905.2_Sc_YJM1248_v1_genomic.xml,1073,3853,0.0,21,0.0,0,GCA_000976905.2
45,GCA_000976935.2_Sc_YJM1250_v1_genomic.xml,1086,3870,0.0,34,0.0,0,GCA_000976935.2
46,GCA_000976965.3_Sc_YJM1252_v1_genomic.xml,1073,3868,0.0,31,0.0,0,GCA_000976965.3
47,GCA_000976995.2_Sc_YJM1273_v1_genomic.xml,1089,3875,0.0125396056804767,489,0.0227737517676687,474,GCA_000976995.2
48,GCA_000977025.2_Sc_YJM1304_v1_genomic.xml,1087,3867,0.0104243798659481,524,0.0216423732272991,473,GCA_000977025.2
49,GCA_000977055.3_Sc_YJM1307_v1_genomic.xml,1078,3873,0.0,33,0.0,100,GCA_000977055.3
50,GCA_000977085.2_Sc_YJM1311_v1_genomic.xml,1085,3872,0.010424379865948,502,0.0216423732272991,448,GCA_000977085.2
51,GCA_000977115.3_Sc_YJM1326_v1_genomic.xml,1087,3876,0.0,104,0.0,60,GCA_000977115.3
52,GCA_000977145.2_Sc_YJM1332_v1_genomic.xml,1085,3876,0.0,36,0.0,117,GCA_000977145.2
53,GCA_000977175.3_Sc_YJM1336_v1_genomic.xml,1087,3873,0.0125396028985086,524,0.0227737517676687,454,GCA_000977175.3
54,GCA_000977205.2_Sc_YJM1338_v1_genomic.xml,1090,3877,0.0125396028985086,513,0.0227737517676686,484,GCA_000977205.2
55,GCA_000977235.2_Sc_YJM1341_v1_genomic.xml,1088,3872,0.0,81,0.0,98,GCA_000977235.2
56,GCA_000977265.3_Sc_YJM1342_v1_genomic.xml,1090,3875,0.0104243841429989,488,0.0216423732272991,489,GCA_000977265.3
57,GCA_000977295.2_Sc_YJM1355_v1_genomic.xml,1085,3867,0.0125396028985087,499,0.0227737517676687,456,GCA_000977295.2
58,GCA_000977325.2_Sc_YJM1356_v1_genomic.xml,1086,3876,0.0125396028985087,512,0.0227737517676688,490,GCA_000977325.2
59,GCA_000977355.3_Sc_YJM1381_v1_genomic.xml,1086,3877,0.0125396056804767,495,0.0227737517676687,458,GCA_000977355.3
60,GCA_000977385.2_Sc_YJM1383_v1_genomic.xml,1092,3878,0.0125396028985087,506,0.0227737517676686,492,GCA_000977385.2
61,GCA_000977415.2_Sc_YJM1385_v1_genomic.xml,1086,3872,0.0104243809526251,497,0.0216423732272991,479,GCA_000977415.2
62,GCA_000977445.2_Sc_YJM1386_v1_genomic.xml,1084,3872,0.0125396028985087,526,0.0227737517676686,460,GCA_000977445.2
63,GCA_000977475.3_Sc_YJM1387_v1_genomic.xml,1089,3874,0.0125396028985086,517,0.0227737517676686,445,GCA_000977475.3
64,GCA_000977505.2_Sc_YJM1388_v1_genomic.xml,1084,3875,0.0,29,0.0,0,GCA_000977505.2
65,GCA_000977535.2_Sc_YJM1389_v1_genomic.xml,1082,3876,0.0,93,0.0,0,GCA_000977535.2
66,GCA_000977565.2_Sc_YJM1399_v1_genomic.xml,1088,3875,0.0125396056804767,486,0.0227737517676687,475,GCA_000977565.2
67,GCA_000977595.2_Sc_YJM1400_v1_genomic.xml,1087,3871,0.0104243798659481,517,0.0216423732272991,471,GCA_000977595.2
68,GCA_000977625.2_Sc_YJM1401_v1_genomic.xml,1086,3874,0.0125396028985087,495,0.0227737517676686,488,GCA_000977625.2
69,GCA_000977655.2_Sc_YJM1402_v1_genomic.xml,1088,3874,0.0125396028985086,498,0.0227737517676686,484,GCA_000977655.2
70,GCA_000977685.2_Sc_YJM1415_v1_genomic.xml,1087,3877,0.0125396056804767,502,0.0227737517676687,478,GCA_000977685.2
71,GCA_000977715.4_Sc_YJM1417_v1_genomic.xml,1087,3875,0.0125396028985086,479,0.0227737517676687,457,GCA_000977715.4
72,GCA_000977745.2_Sc_YJM1418_v1_genomic.xml,1083,3870,0.0,28,0.0,91,GCA_000977745.2
73,GCA_000977775.3_Sc_YJM1419_v1_genomic.xml,1088,3877,0.0125396028985087,527,0.0227737517676686,478,GCA_000977775.3
74,GCA_000977805.2_Sc_YJM1433_v1_genomic.xml,1085,3874,0.0,43,0.0,0,GCA_000977805.2
75,GCA_000977835.2_Sc_YJM1434_v1_genomic.xml,1087,3875,0.0125396056804767,489,0.0227737517676687,474,GCA_000977835.2
76,GCA_000977865.2_Sc_YJM1439_v1_genomic.xml,1082,3870,0.0,23,0.0,113,GCA_000977865.2
77,GCA_000977895.2_Sc_YJM1443_v1_genomic.xml,1068,3857,0.0,41,0.0227737517676687,457,GCA_000977895.2
78,GCA_000977925.2_Sc_YJM1444_v1_genomic.xml,1079,3877,0.0125396090672221,507,0.0227737517676686,487,GCA_000977925.2
79,GCA_000977955.2_Sc_YJM1447_v1_genomic.xml,1083,3874,0.0,72,0.0227737517676686,489,GCA_000977955.2
80,GCA_000977985.2_Sc_YJM1450_v1_genomic.xml,1075,3846,0.0,20,0.0,0,GCA_000977985.2
81,GCA_000978015.2_Sc_YJM1460_v1_genomic.xml,1072,3851,0.0,21,0.0,0,GCA_000978015.2
82,GCA_000978045.2_Sc_YJM1463_v1_genomic.xml,1086,3792,0.010424379865948,492,0.0216423732272991,493,GCA_000978045.2
83,GCA_000978075.3_Sc_YJM1477_v1_genomic.xml,1085,3873,0.0125396028985087,521,0.0227737517676687,479,GCA_000978075.3
84,GCA_000978105.2_Sc_YJM1478_v1_genomic.xml,1084,3873,0.0104243767452356,541,0.0216423732272991,467,GCA_000978105.2
85,GCA_000978135.2_Sc_YJM1479_v1_genomic.xml,1084,3868,0.0,217,0.0,143,GCA_000978135.2
86,GCA_000978165.2_Sc_YJM1526_v1_genomic.xml,1091,3877,0.0125396028985087,527,0.0227737517676686,478,GCA_000978165.2
87,GCA_000978195.2_Sc_YJM1527_v1_genomic.xml,1086,3875,0.0125396090672222,475,0.0227737517676686,484,GCA_000978195.2
88,GCA_000978225.2_Sc_YJM1549_v1_genomic.xml,1085,3877,0.0125396056804767,508,0.0227737517676687,462,GCA_000978225.2
89,GCA_000978255.2_Sc_YJM1573_v1_genomic.xml,1086,3872,0.0125396028985086,503,0.0227737517676686,496,GCA_000978255.2
90,GCA_000978285.2_Sc_YJM1574_v1_genomic.xml,1070,3858,0.0,22,0.0,0,GCA_000978285.2
91,GCA_000978315.2_Sc_YJM1592_v1_genomic.xml,1081,3874,0.0,19,0.0,0,GCA_000978315.2
92,GCA_000978345.2_Sc_YJM1615_v1_genomic.xml,1083,3871,0.0122447538790619,521,0.0227622548469897,497,GCA_000978345.2
93,GCA_001669875.1_ASM166987v1_genomic.xml,1079,3864,0.0104243798659481,515,0.0216423732272991,454,GCA_001669875.1
94,GCA_001669905.1_ASM166990v1_genomic.xml,1080,3867,0.0104243767452357,518,0.0216423732272991,482,GCA_001669905.1
95,GCA_001669935.1_ASM166993v1_genomic.xml,1081,3868,0.0125396028985088,497,0.0227737517676687,468,GCA_001669935.1
96,GCA_001669965.1_ASM166996v1_genomic.xml,1078,3866,0.0104243798659481,515,0.0216423732272991,474,GCA_001669965.1
97,GCA_001669995.1_ASM166999v1_genomic.xml,1078,3869,0.0104243767452356,524,0.0216423732272991,476,GCA_001669995.1
98,GCA_001670025.1_ASM167002v1_genomic.xml,1080,3865,0.0104243774139596,535,0.0216423732272991,460,GCA_001670025.1
99,GCA_001670055.1_ASM167005v1_genomic.xml,1077,3864,0.0,19,0.0,0,GCA_001670055.1
100,GCA_001670085.1_ASM167008v1_genomic.xml,1080,3850,0.010424379865948,488,0.0216423732272991,456,GCA_001670085.1
101,GCA_001670115.1_ASM167011v1_genomic.xml,1076,3862,0.0104243798659481,506,0.0216423732272991,456,GCA_001670115.1
102,GCA_001670145.1_ASM167014v1_genomic.xml,1079,3864,0.0104243841429988,468,0.0216423732272991,464,GCA_001670145.1
103,GCA_001670175.1_ASM167017v1_genomic.xml,1078,3864,0.010424379865948,499,0.021642373227299,483,GCA_001670175.1
104,GCA_001670205.1_ASM167020v1_genomic.xml,1078,3865,0.0104243841429988,511,0.0216423732272991,453,GCA_001670205.1
105,GCA_001670235.1_ASM167023v1_genomic.xml,1078,3861,0.0104243774139597,534,0.0216423732272991,484,GCA_001670235.1
106,GCA_001670265.1_ASM167026v1_genomic.xml,1075,3864,0.0104243841429988,498,0.021642373227299,455,GCA_001670265.1
107,GCA_001670295.1_ASM167029v1_genomic.xml,1075,3861,0.010424379865948,499,0.0216423732272991,470,GCA_001670295.1
108,GCA_001670325.1_ASM167032v1_genomic.xml,1082,3865,0.0104243841429988,477,0.021642373227299,449,GCA_001670325.1
109,GCA_001670355.1_ASM167035v1_genomic.xml,1073,3864,0.0104243798659481,502,0.0216423732272991,480,GCA_001670355.1
110,GCA_001670385.1_ASM167038v1_genomic.xml,1079,3868,0.010424379865948,508,0.021642373227299,462,GCA_001670385.1
111,GCA_001670415.1_ASM167041v1_genomic.xml,1077,3864,0.0104243798659481,521,0.0216423732272991,455,GCA_001670415.1
112,GCA_001670845.1_ASM167084v1_genomic.xml,1077,3864,0.010424379865948,530,0.0216423732272991,466,GCA_001670845.1
113,GCA_001670935.1_ASM167093v1_genomic.xml,1080,3868,0.0104243774139596,487,0.0216423732272991,495,GCA_001670935.1
114,GCA_001670965.1_ASM167096v1_genomic.xml,1080,3865,0.0104243841429988,490,0.0216423732272991,463,GCA_001670965.1
115,GCA_001670995.1_ASM167099v1_genomic.xml,1079,3867,0.010424379865948,500,0.0216423732272993,492,GCA_001670995.1
116,GCA_001671025.1_ASM167102v1_genomic.xml,1076,3862,0.0104243841429988,487,0.0216423732272992,469,GCA_001671025.1
117,GCA_001671055.1_ASM167105v1_genomic.xml,1076,3862,0.0104243767452357,519,0.0216423732272991,482,GCA_001671055.1
118,GCA_001671085.1_ASM167108v1_genomic.xml,1078,3865,0.0104243841429988,509,0.0216423732272992,476,GCA_001671085.1
119,GCA_001671115.1_ASM167111v1_genomic.xml,1077,3862,0.0104243798659481,531,0.0216423732272991,500,GCA_001671115.1
120,GCA_001671165.1_ASM167116v1_genomic.xml,1080,3866,0.0104243774139596,504,0.0216423732272991,469,GCA_001671165.1
121,GCA_001671195.1_ASM167119v1_genomic.xml,1079,3864,0.0104243809526251,528,0.021642373227299,494,GCA_001671195.1
122,GCA_001671225.1_ASM167122v1_genomic.xml,1077,3865,0.0104243841429988,491,0.0216423732272991,502,GCA_001671225.1
123,GCA_001671255.1_ASM167125v1_genomic.xml,1076,3864,0.0104243841429989,480,0.0216423732272991,461,GCA_001671255.1
124,GCA_001671285.1_ASM167128v1_genomic.xml,1080,3866,0.0104243841429989,512,0.0216423732272993,483,GCA_001671285.1
125,GCA_001671315.1_ASM167131v1_genomic.xml,1077,3862,0.010424379865948,505,0.021642373227299,459,GCA_001671315.1
126,GCA_001671345.1_ASM167134v1_genomic.xml,1077,3865,0.0104243841429986,478,0.021642373227299,473,GCA_001671345.1
127,GCA_001671375.1_ASM167137v1_genomic.xml,1081,3868,0.010424379865948,486,0.0216423732272991,464,GCA_001671375.1
128,GCA_001671405.1_ASM167140v1_genomic.xml,1075,3846,0.010424379865948,509,0.0216423732272991,447,GCA_001671405.1
129,GCA_001671435.1_ASM167143v1_genomic.xml,1083,3866,0.010424379865948,509,0.0216423732272991,479,GCA_001671435.1
130,GCA_001671565.1_ASM167156v1_genomic.xml,1076,3862,0.0104243841429988,516,0.0216423732272991,475,GCA_001671565.1
131,GCA_001671595.1_ASM167159v1_genomic.xml,1078,3863,0.0104243767452358,514,0.021642373227299,445,GCA_001671595.1
132,GCA_001671625.1_ASM167162v1_genomic.xml,1081,3865,0.0104243774139596,520,0.0216423732272991,494,GCA_001671625.1
133,GCA_001671655.1_ASM167165v1_genomic.xml,1075,3862,0.0,62,0.0,148,GCA_001671655.1
134,GCA_001671685.1_ASM167168v1_genomic.xml,1078,3863,0.010424379865948,527,0.021642373227299,454,GCA_001671685.1
135,GCA_001671715.1_ASM167171v1_genomic.xml,1077,3863,0.0104243767452358,514,0.021642373227299,445,GCA_001671715.1
136,GCA_001671745.1_ASM167174v1_genomic.xml,1079,3867,0.0104243767452357,495,0.021642373227299,468,GCA_001671745.1
137,GCA_001671775.1_ASM167177v1_genomic.xml,1078,3865,0.0104243767452356,510,0.021642373227299,460,GCA_001671775.1
138,GCA_001671805.1_ASM167180v1_genomic.xml,1078,3847,0.0104243798659481,514,0.0216423732272992,470,GCA_001671805.1
139,GCA_001671835.1_ASM167183v1_genomic.xml,1076,3862,0.0104243841429989,494,0.0216423732272992,477,GCA_001671835.1
140,GCA_001671865.1_ASM167186v1_genomic.xml,1077,3864,0.0,25,0.0,0,GCA_001671865.1
141,GCA_001671895.1_ASM167189v1_genomic.xml,1076,3863,0.0104243767452357,531,0.0216423732272991,492,GCA_001671895.1
142,GCA_001671925.1_ASM167192v1_genomic.xml,1080,3867,0.0104243809526251,485,0.0216423732272991,487,GCA_001671925.1
143,GCA_001671955.1_ASM167195v1_genomic.xml,1078,3865,0.0104243774139596,520,0.0216423732272992,492,GCA_001671955.1
144,GCA_001671985.1_ASM167198v1_genomic.xml,1076,3862,0.0104243798659481,522,0.0216423732272989,478,GCA_001671985.1
145,GCA_003270095.1_ASM327009v1_genomic.xml,1088,3885,0.0125396028985086,512,0.0227737517676687,447,GCA_003270095.1
146,GCA_003270135.1_ASM327013v1_genomic.xml,1065,3853,0.0,96,0.0,25,GCA_003270135.1
147,GCA_003270145.1_ASM327014v1_genomic.xml,1044,3851,0.0,21,0.0,0,GCA_003270145.1
148,GCA_003270175.1_ASM327017v1_genomic.xml,1078,3876,0.0,59,0.0,99,GCA_003270175.1
149,GCA_003270185.1_ASM327018v1_genomic.xml,1078,3868,0.0122600618591859,517,0.0218603019584362,487,GCA_003270185.1
150,GCA_003270205.1_ASM327020v1_genomic.xml,1060,3856,0.0,133,0.0,166,GCA_003270205.1
151,GCA_003270245.1_ASM327024v1_genomic.xml,1078,3790,0.0125396028985085,520,0.0227737517676687,468,GCA_003270245.1
152,GCA_003270305.1_ASM327030v1_genomic.xml,1080,3881,0.0,88,0.0,185,GCA_003270305.1
153,GCA_003270315.1_ASM327031v1_genomic.xml,1078,3878,0.0125396028985086,520,0.0227737517676687,471,GCA_003270315.1
154,GCA_003270325.1_ASM327032v1_genomic.xml,1077,3868,0.0125396028985086,505,0.0227737517676687,480,GCA_003270325.1
155,GCA_003270335.1_ASM327033v1_genomic.xml,1073,3861,0.0,21,0.0,101,GCA_003270335.1
156,GCA_003270425.1_ASM327042v1_genomic.xml,1071,3864,0.0,21,0.0,0,GCA_003270425.1
157,GCA_003270435.1_ASM327043v1_genomic.xml,1079,3868,0.0125396056804381,506,0.0227737517676686,476,GCA_003270435.1
158,GCA_003270455.1_ASM327045v1_genomic.xml,1078,3867,0.0,77,0.0,0,GCA_003270455.1
159,GCA_003270465.1_ASM327046v1_genomic.xml,1077,3870,0.0122447579157478,505,0.0227622548469897,489,GCA_003270465.1
160,GCA_003270535.1_ASM327053v1_genomic.xml,1070,3824,0.0,22,0.0,57,GCA_003270535.1
161,GCA_003270565.1_ASM327056v1_genomic.xml,1080,3880,0.0125396090672222,466,0.0227737517676686,499,GCA_003270565.1
162,GCA_003270575.1_ASM327057v1_genomic.xml,1082,3869,0.0125396028985087,488,0.0227737517676685,493,GCA_003270575.1
163,GCA_003270595.1_ASM327059v1_genomic.xml,1087,3882,0.0,27,0.0227737517676686,466,GCA_003270595.1
164,GCA_003270665.1_ASM327066v1_genomic.xml,1081,3877,0.0,30,0.0,33,GCA_003270665.1
165,GCA_003270695.1_ASM327069v1_genomic.xml,1076,3866,0.0,20,0.0,0,GCA_003270695.1
166,GCA_003270705.1_ASM327070v1_genomic.xml,1082,3875,0.0,20,0.0,0,GCA_003270705.1
167,GCA_003270715.1_ASM327071v1_genomic.xml,1075,3862,0.012539605680477,488,0.0227737517676687,497,GCA_003270715.1
168,GCA_003270765.1_ASM327076v1_genomic.xml,1074,3864,0.0125396028985086,529,0.0227737517676687,448,GCA_003270765.1
169,GCA_003270815.1_ASM327081v1_genomic.xml,1079,3869,0.0,37,0.0,110,GCA_003270815.1
170,GCA_003270825.1_ASM327082v1_genomic.xml,1075,3865,0.0,30,0.0,0,GCA_003270825.1
171,GCA_003270835.1_ASM327083v1_genomic.xml,1073,3864,0.0,22,0.0,0,GCA_003270835.1
172,GCA_003270855.1_ASM327085v1_genomic.xml,1083,3878,0.0,56,0.0,120,GCA_003270855.1
173,GCA_003270935.1_ASM327093v1_genomic.xml,1077,3868,0.0125396028985086,505,0.0227737517676687,480,GCA_003270935.1
174,GCA_003270945.1_ASM327094v1_genomic.xml,1077,3863,0.0,31,0.0,125,GCA_003270945.1
175,GCA_003270955.1_ASM327095v1_genomic.xml,1073,3862,0.0,87,0.0,114,GCA_003270955.1
176,GCA_003270985.1_ASM327098v1_genomic.xml,1076,3862,-1.0382969989026684e-10,525,0.0,127,GCA_003270985.1
177,GCA_003271045.1_ASM327104v1_genomic.xml,1089,3887,0.0125396028985086,508,0.0227737517676686,497,GCA_003271045.1
178,GCA_003271085.1_ASM327108v1_genomic.xml,1084,3882,0.0125396028985086,487,0.0227737517676686,471,GCA_003271085.1
179,GCA_003271115.1_ASM327111v1_genomic.xml,1089,3889,0.0125396028985086,505,0.0227737517676687,464,GCA_003271115.1
180,GCA_003271125.1_ASM327112v1_genomic.xml,1087,3884,0.0125396028985089,506,0.0227737517676686,447,GCA_003271125.1
181,GCA_003271135.1_ASM327113v1_genomic.xml,1084,3870,0.0125396028985086,503,0.0227737517676687,448,GCA_003271135.1
182,GCA_003271185.1_ASM327118v1_genomic.xml,1067,3851,0.0125396028985086,494,0.0227737517676686,496,GCA_003271185.1
183,GCA_003271225.1_ASM327122v1_genomic.xml,1083,3869,0.0125396028985086,495,0.0227737517676687,493,GCA_003271225.1
184,GCA_003271245.1_ASM327124v1_genomic.xml,1077,3865,0.0125396028985087,504,0.0227737517676687,486,GCA_003271245.1
185,GCA_003271255.1_ASM327125v1_genomic.xml,1079,3866,0.0125396056804767,505,0.0227737517676686,444,GCA_003271255.1
186,GCA_003271315.1_ASM327131v1_genomic.xml,1080,3861,0.0125396028985086,525,0.0227737517676687,465,GCA_003271315.1
187,GCA_003271355.1_ASM327135v1_genomic.xml,1086,3883,0.0125396028985086,517,0.0227737517676687,469,GCA_003271355.1
188,GCA_003271365.1_ASM327136v1_genomic.xml,1075,3879,0.0125387382500786,595,0.0227718848031623,452,GCA_003271365.1
189,GCA_003271395.1_ASM327139v1_genomic.xml,1087,3878,0.0125396028985086,511,0.0227737517676686,466,GCA_003271395.1
190,GCA_003271425.1_ASM327142v1_genomic.xml,1078,3870,0.0125396090672222,476,0.0227737517676687,456,GCA_003271425.1
191,GCA_003271475.1_ASM327147v1_genomic.xml,1076,3867,0.0125396028985086,505,0.0227737517676687,497,GCA_003271475.1
192,GCA_003271505.1_ASM327150v1_genomic.xml,1072,3875,0.0,21,0.0,0,GCA_003271505.1
193,GCA_003271535.1_ASM327153v1_genomic.xml,1079,3872,0.0125396028985086,522,0.0227737517676687,456,GCA_003271535.1
194,GCA_003271545.1_ASM327154v1_genomic.xml,1079,3835,0.0,139,0.0,146,GCA_003271545.1
195,GCA_003271555.1_ASM327155v1_genomic.xml,1076,3864,0.0,27,0.0,0,GCA_003271555.1
196,GCA_003271565.1_ASM327156v1_genomic.xml,1078,3870,0.0125396028985086,509,0.0227737517676687,482,GCA_003271565.1
197,GCA_003271645.1_ASM327164v1_genomic.xml,1074,3866,0.0,99,0.0,0,GCA_003271645.1
198,GCA_003271675.1_ASM327167v1_genomic.xml,1069,3861,0.0,31,0.0,0,GCA_003271675.1
199,GCA_003271695.1_ASM327169v1_genomic.xml,1080,3879,0.0125396028985087,538,0.0227737517676686,473,GCA_003271695.1
200,GCA_003271705.1_ASM327170v1_genomic.xml,1075,3872,0.0,31,0.0,0,GCA_003271705.1
201,GCA_003271775.1_ASM327177v1_genomic.xml,1082,3880,0.0,170,0.0,165,GCA_003271775.1
202,GCA_003271805.1_ASM327180v1_genomic.xml,1080,3883,0.0122703974252662,498,0.0227737517676687,455,GCA_003271805.1
203,GCA_003271815.1_ASM327181v1_genomic.xml,1083,3869,0.0,77,0.0,170,GCA_003271815.1
204,GCA_003271825.1_ASM327182v1_genomic.xml,1061,3850,0.0,39,0.0,0,GCA_003271825.1
205,GCA_003271835.1_ASM327183v1_genomic.xml,1078,3866,0.0,26,0.0,135,GCA_003271835.1
206,GCA_003271925.1_ASM327192v1_genomic.xml,1076,3871,0.0125396028985086,521,0.0227737517676686,458,GCA_003271925.1
207,GCA_003271935.1_ASM327193v1_genomic.xml,1072,3864,0.0125396090672221,501,0.0227737517676688,471,GCA_003271935.1
208,GCA_003271945.1_ASM327194v1_genomic.xml,1046,3850,,643,0.0,0,GCA_003271945.1
209,GCA_003271955.1_ASM327195v1_genomic.xml,1073,3864,0.0,141,0.0,147,GCA_003271955.1
210,GCA_003272045.1_ASM327204v1_genomic.xml,1079,3871,0.0125396056804767,489,0.0227737517676686,450,GCA_003272045.1
211,GCA_003272055.1_ASM327205v1_genomic.xml,1065,3867,0.0,124,0.0,0,GCA_003272055.1
212,GCA_003272065.1_ASM327206v1_genomic.xml,1075,3868,0.0125396056804767,481,0.0227737517676687,478,GCA_003272065.1
213,GCA_003272075.1_ASM327207v1_genomic.xml,1071,3865,0.0,135,0.0,141,GCA_003272075.1
214,GCA_003272165.1_ASM327216v1_genomic.xml,1071,3868,0.0125396028985086,520,0.0227737517676686,480,GCA_003272165.1
215,GCA_003272175.1_ASM327217v1_genomic.xml,1075,3873,0.0125396090672221,478,0.0227737517676686,473,GCA_003272175.1
216,GCA_003272185.1_ASM327218v1_genomic.xml,1069,3869,0.0,22,0.0,0,GCA_003272185.1
217,GCA_003272195.1_ASM327219v1_genomic.xml,1074,3873,0.0125396028985086,520,0.0227737517676686,476,GCA_003272195.1
218,GCA_003272285.1_ASM327228v1_genomic.xml,1066,3865,0.0125396028985087,488,0.0227737517676686,455,GCA_003272285.1
219,GCA_003272295.1_ASM327229v1_genomic.xml,1071,3871,0.0125396090672221,511,0.0227737517676686,458,GCA_003272295.1
220,GCA_003272305.1_ASM327230v1_genomic.xml,1070,3812,0.0125396028985086,506,0.0227737517676686,486,GCA_003272305.1
221,GCA_003272315.1_ASM327231v1_genomic.xml,1063,3855,0.0,151,0.0,207,GCA_003272315.1
222,GCA_003272405.1_ASM327240v1_genomic.xml,1070,3866,0.0125396028985087,521,0.0227737517676686,454,GCA_003272405.1
223,GCA_003272415.1_ASM327241v1_genomic.xml,1076,3872,0.0125396028985086,500,0.0227737517676687,482,GCA_003272415.1
224,GCA_003272425.1_ASM327242v1_genomic.xml,1070,3867,0.0125396090672222,485,0.0227737517676687,481,GCA_003272425.1
225,GCA_003272445.1_ASM327244v1_genomic.xml,1074,3867,0.0125396090672223,490,0.0227737517676687,486,GCA_003272445.1
226,GCA_003272525.1_ASM327252v1_genomic.xml,1073,3868,0.0,25,0.0,0,GCA_003272525.1
227,GCA_003272535.1_ASM327253v1_genomic.xml,1078,3871,0.0125396028985086,506,0.0227737517676687,459,GCA_003272535.1
228,GCA_003272575.1_ASM327257v1_genomic.xml,1072,3866,0.0125396028985086,484,0.0227737517676685,481,GCA_003272575.1
229,GCA_003272595.1_ASM327259v1_genomic.xml,1070,3860,0.0125395999955867,527,0.0226617478922196,474,GCA_003272595.1
230,GCA_003272625.1_ASM327262v1_genomic.xml,1074,3866,0.0125396028985087,543,0.0227737517676687,492,GCA_003272625.1
231,GCA_003272665.1_ASM327266v1_genomic.xml,1073,3868,0.0125396028985087,502,0.0227737517676687,484,GCA_003272665.1
232,GCA_003272705.1_ASM327270v1_genomic.xml,1073,3866,0.0125396056804767,492,0.0227737517676686,469,GCA_003272705.1
233,GCA_003272715.1_ASM327271v1_genomic.xml,1075,3865,0.0125396056804767,494,0.0227737517676687,471,GCA_003272715.1
234,GCA_003272725.1_ASM327272v1_genomic.xml,1072,3856,0.0125396028985088,491,0.0227737517676686,444,GCA_003272725.1
235,GCA_003272755.1_ASM327275v1_genomic.xml,1067,3862,0.0125396028985089,512,0.0227737517676687,488,GCA_003272755.1
236,GCA_003272815.1_ASM327281v1_genomic.xml,1074,3861,0.0125396028985089,496,0.0227737517676686,471,GCA_003272815.1
237,GCA_003272835.1_ASM327283v1_genomic.xml,1075,3865,0.0125396028985086,485,0.0227737517676686,459,GCA_003272835.1
238,GCA_003272855.1_ASM327285v1_genomic.xml,1073,3868,0.0125396028985086,508,0.0227737517676687,476,GCA_003272855.1
239,GCA_003272905.1_ASM327290v1_genomic.xml,1078,3864,0.0125396056804767,509,0.0227737517676687,491,GCA_003272905.1
240,GCA_003272925.1_ASM327292v1_genomic.xml,1073,3863,0.0,149,0.0,216,GCA_003272925.1
241,GCA_003272945.1_ASM327294v1_genomic.xml,998,3780,,579,0.0,0,GCA_003272945.1
242,GCA_003272975.1_ASM327297v1_genomic.xml,1075,3869,0.0,39,0.0,0,GCA_003272975.1
243,GCA_003273025.1_ASM327302v1_genomic.xml,1066,3786,0.0125396028985087,518,0.0227737517676687,458,GCA_003273025.1
244,GCA_003273035.1_ASM327303v1_genomic.xml,1067,3870,0.0125396028985087,523,0.0227737517676686,478,GCA_003273035.1
245,GCA_003273045.1_ASM327304v1_genomic.xml,1066,3859,0.0,187,0.0,154,GCA_003273045.1
246,GCA_003273075.1_ASM327307v1_genomic.xml,1070,3865,0.0,27,0.0216423732272991,489,GCA_003273075.1
247,GCA_003273145.1_ASM327314v1_genomic.xml,1090,3888,0.0125396028985087,478,0.0227737517676687,448,GCA_003273145.1
248,GCA_003273155.1_ASM327315v1_genomic.xml,1066,3862,0.0125396090672222,490,0.0227737517676686,467,GCA_003273155.1
249,GCA_003273165.1_ASM327316v1_genomic.xml,1081,3877,0.0125396028985086,494,0.0227737517676689,464,GCA_003273165.1
250,GCA_003273175.1_ASM327317v1_genomic.xml,1049,3805,0.0,25,0.0,0,GCA_003273175.1
251,GCA_003273265.1_ASM327326v1_genomic.xml,1088,3882,0.0125396090672222,475,0.0227737517676686,467,GCA_003273265.1
252,GCA_003273275.1_ASM327327v1_genomic.xml,1089,3889,0.0125396028985086,505,0.0227737517676687,464,GCA_003273275.1
253,GCA_003273285.1_ASM327328v1_genomic.xml,1088,3884,0.0125396028985086,508,0.0227737517676687,465,GCA_003273285.1
254,GCA_003273295.1_ASM327329v1_genomic.xml,1088,3884,0.0125396028985086,508,0.0227737517676687,465,GCA_003273295.1
255,GCA_003273385.1_ASM327338v1_genomic.xml,1081,3886,0.0125396028985086,509,0.0227737517676686,441,GCA_003273385.1
256,GCA_003273395.1_ASM327339v1_genomic.xml,1086,3878,0.0125396028985087,505,0.0227737517676686,457,GCA_003273395.1
257,GCA_003273405.1_ASM327340v1_genomic.xml,1087,3882,0.0125396028985086,514,0.0227737517676687,479,GCA_003273405.1
258,GCA_003273415.1_ASM327341v1_genomic.xml,1077,3868,0.0,81,0.0,112,GCA_003273415.1
259,GCA_003273495.1_ASM327349v1_genomic.xml,1080,3874,0.0125396056804767,485,0.0227737517676687,458,GCA_003273495.1
260,GCA_003273535.1_ASM327353v1_genomic.xml,1080,3872,0.0125396056804769,486,0.0227737517676686,477,GCA_003273535.1
261,GCA_003273555.1_ASM327355v1_genomic.xml,1082,3870,0.0125396028985086,518,0.0227737517676687,485,GCA_003273555.1
262,GCA_003273575.1_ASM327357v1_genomic.xml,1076,3871,0.0125396028985087,534,0.0227737517676686,453,GCA_003273575.1
263,GCA_003273585.1_ASM327358v1_genomic.xml,1066,3867,0.0,37,0.0,0,GCA_003273585.1
264,GCA_003273625.1_ASM327362v1_genomic.xml,1072,3876,0.0,96,0.0,0,GCA_003273625.1
265,GCA_003273685.1_ASM327368v1_genomic.xml,1073,3869,0.0,28,0.0,0,GCA_003273685.1
266,GCA_003273695.1_ASM327369v1_genomic.xml,1076,3865,0.0,152,0.0227737517676687,463,GCA_003273695.1
267,GCA_003273705.1_ASM327370v1_genomic.xml,1073,3871,0.0125396056804768,525,0.0227737517676686,450,GCA_003273705.1
268,GCA_003273725.1_ASM327372v1_genomic.xml,1081,3863,0.0125396068295509,515,0.0227737517676687,446,GCA_003273725.1
269,GCA_003273805.1_ASM327380v1_genomic.xml,1070,3868,0.0,139,0.0,172,GCA_003273805.1
270,GCA_003273815.1_ASM327381v1_genomic.xml,1072,3872,0.0125396028985086,496,0.0227737517676686,488,GCA_003273815.1
271,GCA_003273825.1_ASM327382v1_genomic.xml,1070,3873,0.0125396028985087,539,0.0227737517676687,480,GCA_003273825.1
272,GCA_003273835.1_ASM327383v1_genomic.xml,1071,3861,0.0125396028985086,518,0.0227737517676687,478,GCA_003273835.1
273,GCA_003273925.1_ASM327392v1_genomic.xml,1070,3870,0.0,139,0.0,230,GCA_003273925.1
274,GCA_003273935.1_ASM327393v1_genomic.xml,1064,3865,0.0125396090672222,473,0.0227737517676687,469,GCA_003273935.1
275,GCA_003273955.1_ASM327395v1_genomic.xml,1069,3864,0.0125396028985086,529,0.0227737517676686,472,GCA_003273955.1
276,GCA_003273985.1_ASM327398v1_genomic.xml,1068,3862,0.0125396028984913,566,0.0227737517676686,472,GCA_003273985.1
277,GCA_003274025.1_ASM327402v1_genomic.xml,1069,3865,0.0125396028985086,530,0.0227737517676686,486,GCA_003274025.1
278,GCA_003274055.1_ASM327405v1_genomic.xml,1075,3865,0.0125396090672222,469,0.0227737517676687,458,GCA_003274055.1
279,GCA_003274085.1_ASM327408v1_genomic.xml,1069,3866,,714,0.0,0,GCA_003274085.1
280,GCA_003274095.1_ASM327409v1_genomic.xml,1067,3861,0.0125396090672222,468,0.0227737517676687,468,GCA_003274095.1
281,GCA_003274125.1_ASM327412v1_genomic.xml,1072,3862,0.0125396028985087,491,0.0227737517676686,476,GCA_003274125.1
282,GCA_003274195.1_ASM327419v1_genomic.xml,1058,3847,0.0104243798659481,498,0.021642373227299,463,GCA_003274195.1
283,GCA_003274205.1_ASM327420v1_genomic.xml,1067,3845,0.0,79,0.0,0,GCA_003274205.1
284,GCA_003274215.1_ASM327421v1_genomic.xml,1076,3868,0.0,112,0.0,239,GCA_003274215.1
285,GCA_003274225.1_ASM327422v1_genomic.xml,1075,3864,0.0,96,0.0,0,GCA_003274225.1
286,GCA_003274315.1_ASM327431v1_genomic.xml,1066,3861,0.0125396028985086,500,0.0227737517676687,481,GCA_003274315.1
287,GCA_003274325.1_ASM327432v1_genomic.xml,1064,3856,0.0104243774139596,530,0.021598656406688,493,GCA_003274325.1
288,GCA_003274345.1_ASM327434v1_genomic.xml,1062,3861,0.0125396090672222,495,0.0227737517676687,481,GCA_003274345.1
289,GCA_003274365.1_ASM327436v1_genomic.xml,1065,3779,0.0125396028985086,491,0.0227737517676686,486,GCA_003274365.1
290,GCA_003274425.1_ASM327442v1_genomic.xml,1067,3867,0.0125396028985087,507,0.0227737517676687,477,GCA_003274425.1
291,GCA_003274465.1_ASM327446v1_genomic.xml,1071,3868,0.0125396056804767,484,0.0227737517676687,483,GCA_003274465.1
292,GCA_003274475.1_ASM327447v1_genomic.xml,1079,3866,0.0125396028985087,521,0.0227737517676686,454,GCA_003274475.1
293,GCA_003274485.1_ASM327448v1_genomic.xml,1086,3873,0.0125396028985087,494,0.0227737517676687,479,GCA_003274485.1
294,GCA_003274495.1_ASM327449v1_genomic.xml,1084,3873,0.0125396028985087,494,0.0227737517676687,479,GCA_003274495.1
295,GCA_003274585.1_ASM327458v1_genomic.xml,1089,3873,0.0125396028985087,494,0.0227737517676687,479,GCA_003274585.1
296,GCA_003274595.1_ASM327459v1_genomic.xml,1072,3855,0.0,19,0.0,0,GCA_003274595.1
297,GCA_003274605.1_ASM327460v1_genomic.xml,1085,3871,0.010424379865948,484,0.0216423732272992,462,GCA_003274605.1
298,GCA_003274615.1_ASM327461v1_genomic.xml,1081,3872,0.0125396090672222,502,0.0227737517676687,456,GCA_003274615.1
299,GCA_003274705.1_ASM327470v1_genomic.xml,1045,3803,0.0,21,0.0,0,GCA_003274705.1
300,GCA_003274715.1_ASM327471v1_genomic.xml,1088,3875,0.0,135,0.0,224,GCA_003274715.1
301,GCA_003274725.1_ASM327472v1_genomic.xml,1087,3875,0.0,135,0.0,224,GCA_003274725.1
302,GCA_003274735.1_ASM327473v1_genomic.xml,1084,3876,0.0125396090672221,486,0.0227737517676686,472,GCA_003274735.1
303,GCA_003274825.1_ASM327482v1_genomic.xml,1089,3875,0.0125396028985086,502,0.0227737517676686,454,GCA_003274825.1
304,GCA_003274845.1_ASM327484v1_genomic.xml,1087,3877,0.0125396028985086,511,0.0227737517676686,481,GCA_003274845.1
305,GCA_003274855.1_ASM327485v1_genomic.xml,1090,3877,0.0125396028985086,511,0.0227737517676686,481,GCA_003274855.1
306,GCA_003274865.1_ASM327486v1_genomic.xml,1085,3871,0.0,136,0.0,206,GCA_003274865.1
307,GCA_003274905.1_ASM327490v1_genomic.xml,1089,3876,0.0,179,0.0,113,GCA_003274905.1
308,GCA_003274975.1_ASM327497v1_genomic.xml,1088,3877,0.0,111,0.0,107,GCA_003274975.1
309,GCA_003274985.1_ASM327498v1_genomic.xml,1087,3872,0.0,25,0.0,0,GCA_003274985.1
310,GCA_003274995.1_ASM327499v1_genomic.xml,1082,3868,0.0,194,0.0,276,GCA_003274995.1
311,GCA_003275005.1_ASM327500v1_genomic.xml,1090,3867,0.0,21,0.0,0,GCA_003275005.1
312,GCA_003275095.1_ASM327509v1_genomic.xml,1085,3870,0.0,37,0.0,0,GCA_003275095.1
313,GCA_003275105.1_ASM327510v1_genomic.xml,1083,3871,0.0125396028985085,509,0.0227737517676687,486,GCA_003275105.1
314,GCA_003275115.1_ASM327511v1_genomic.xml,1089,3877,0.0125396028985086,511,0.0227737517676686,481,GCA_003275115.1
315,GCA_003275125.1_ASM327512v1_genomic.xml,1087,3838,0.0125396056804767,503,0.0227737517676687,449,GCA_003275125.1
316,GCA_003275215.1_ASM327521v1_genomic.xml,1089,3874,0.0,134,0.0,143,GCA_003275215.1
317,GCA_003275225.1_ASM327522v1_genomic.xml,1088,3871,0.0,61,0.0,118,GCA_003275225.1
318,GCA_003275235.1_ASM327523v1_genomic.xml,1090,3876,0.0125396028985086,501,0.0227737517676687,477,GCA_003275235.1
319,GCA_003275245.1_ASM327524v1_genomic.xml,1086,3876,0.0125396056804767,478,0.0227737517676686,465,GCA_003275245.1
320,GCA_003275335.1_ASM327533v1_genomic.xml,1091,3877,0.0125396028985086,511,0.0227737517676686,481,GCA_003275335.1
321,GCA_003275345.1_ASM327534v1_genomic.xml,1083,3866,0.0125396028985087,516,0.0227737517676687,485,GCA_003275345.1
322,GCA_003275365.1_ASM327536v1_genomic.xml,1081,3885,0.0,101,0.0,90,GCA_003275365.1
323,GCA_003275385.1_ASM327538v1_genomic.xml,1089,3888,0.0125396028985086,514,0.0227737517676686,478,GCA_003275385.1
324,GCA_003275455.1_ASM327545v1_genomic.xml,1078,3874,0.0125396028985086,507,0.0227737517676686,454,GCA_003275455.1
325,GCA_003275465.1_ASM327546v1_genomic.xml,1086,3886,0.0,26,0.0,0,GCA_003275465.1
326,GCA_003275475.1_ASM327547v1_genomic.xml,1087,3888,0.0125396028985086,514,0.0227737517676686,478,GCA_003275475.1
327,GCA_003275505.1_ASM327550v1_genomic.xml,1084,3886,0.0125396056804767,493,0.0227737517676687,459,GCA_003275505.1
328,GCA_003275575.1_ASM327557v1_genomic.xml,1083,3884,0.0125396028985086,535,0.0227737517676687,450,GCA_003275575.1
329,GCA_003275585.1_ASM327558v1_genomic.xml,1089,3888,0.0125396028985086,514,0.0227737517676686,478,GCA_003275585.1
330,GCA_003275605.1_ASM327560v1_genomic.xml,1086,3886,0.0,34,0.0227737517676687,485,GCA_003275605.1
331,GCA_003275615.1_ASM327561v1_genomic.xml,1087,3887,0.0125396056804768,512,0.0227737517676686,453,GCA_003275615.1
332,GCA_003275685.1_ASM327568v1_genomic.xml,1088,3886,0.0,36,0.0,0,GCA_003275685.1
333,GCA_003275715.1_ASM327571v1_genomic.xml,1090,3875,0.0,306,0.0,145,GCA_003275715.1
334,GCA_003275745.1_ASM327574v1_genomic.xml,1077,3879,0.0,100,0.0,32,GCA_003275745.1
335,GCA_003275755.1_ASM327575v1_genomic.xml,1084,3882,0.0125396028985086,502,0.0227737517676687,473,GCA_003275755.1
336,GCA_003275785.1_ASM327578v1_genomic.xml,1084,3866,0.0125396028985086,492,0.0227737517676687,479,GCA_003275785.1
337,GCA_003275825.1_ASM327582v1_genomic.xml,1083,3867,0.0125396090672221,468,0.0227737517676686,463,GCA_003275825.1
338,GCA_003275835.1_ASM327583v1_genomic.xml,1084,3871,0.0125396028985087,525,0.0227737517676686,454,GCA_003275835.1
339,GCA_003275875.1_ASM327587v1_genomic.xml,1085,3872,0.0125396028985087,514,0.0227737517676687,488,GCA_003275875.1
340,GCA_003275885.1_ASM327588v1_genomic.xml,1084,3884,0.0125396028985087,498,0.0227737517676686,502,GCA_003275885.1
341,GCA_003275955.1_ASM327595v1_genomic.xml,1076,3880,0.0,98,0.0,108,GCA_003275955.1
342,GCA_003275965.1_ASM327596v1_genomic.xml,1084,3885,0.0125396056804768,494,0.0227737517676687,476,GCA_003275965.1
343,GCA_003276005.1_ASM327600v1_genomic.xml,1085,3874,0.0125396056804767,478,0.0227737517676686,472,GCA_003276005.1
344,GCA_003276015.1_ASM327601v1_genomic.xml,1082,3871,0.0029708357560945,480,0.0119332897901068,489,GCA_003276015.1
345,GCA_003276075.1_ASM327607v1_genomic.xml,1087,3875,0.0125396028985086,530,0.0227737517676686,490,GCA_003276075.1
346,GCA_003276085.1_ASM327608v1_genomic.xml,1085,3872,0.0125396028985087,500,0.0227737517676688,452,GCA_003276085.1
347,GCA_003276135.1_ASM327613v1_genomic.xml,1053,3855,0.0125396056804767,510,0.0227737517676687,435,GCA_003276135.1
348,GCA_003276145.1_ASM327614v1_genomic.xml,1061,3858,0.0125396028985086,491,0.0227737517676686,469,GCA_003276145.1
349,GCA_003276185.1_ASM327618v1_genomic.xml,1044,3821,0.0,22,0.0,0,GCA_003276185.1
350,GCA_003276205.1_ASM327620v1_genomic.xml,1071,3867,0.0125396056804768,477,0.0227737517676687,482,GCA_003276205.1
351,GCA_003276235.1_ASM327623v1_genomic.xml,1073,3868,0.0,24,0.0,96,GCA_003276235.1
352,GCA_003276245.1_ASM327624v1_genomic.xml,1077,3836,0.0,133,0.0,254,GCA_003276245.1
353,GCA_003276295.1_ASM327629v1_genomic.xml,1082,3874,0.0125396028985087,482,0.0227737517676687,475,GCA_003276295.1
354,GCA_003276325.1_ASM327632v1_genomic.xml,1079,3871,0.0,131,0.0,206,GCA_003276325.1
355,GCA_003276365.1_ASM327636v1_genomic.xml,1079,3867,0.0,20,0.0,0,GCA_003276365.1
356,GCA_003276375.1_ASM327637v1_genomic.xml,1086,3877,0.0125396028985087,527,0.0227737517676686,478,GCA_003276375.1
357,GCA_003276395.1_ASM327639v1_genomic.xml,1087,3877,0.0,68,0.0,217,GCA_003276395.1
358,GCA_003276405.1_ASM327640v1_genomic.xml,1080,3863,0.0,23,0.0,0,GCA_003276405.1
359,GCA_003276485.1_ASM327648v1_genomic.xml,1091,3875,0.0125396028985086,530,0.0227737517676686,490,GCA_003276485.1
360,GCA_003276495.1_ASM327649v1_genomic.xml,1084,3876,0.0,92,0.0,165,GCA_003276495.1
361,GCA_003276505.1_ASM327650v1_genomic.xml,1085,3874,0.0,147,0.0,180,GCA_003276505.1
362,GCA_003276515.1_ASM327651v1_genomic.xml,1082,3885,0.0,153,0.0,151,GCA_003276515.1
363,GCA_003276605.1_ASM327660v1_genomic.xml,1087,3887,0.0125396090672222,491,0.0227737517676687,487,GCA_003276605.1
364,GCA_003276615.1_ASM327661v1_genomic.xml,1084,3881,0.0125396028985086,513,0.0227737517676687,477,GCA_003276615.1
365,GCA_003276625.1_ASM327662v1_genomic.xml,1087,3884,0.0125396028985087,498,0.0227737517676686,502,GCA_003276625.1
366,GCA_003276635.1_ASM327663v1_genomic.xml,1085,3874,0.0,85,0.0,112,GCA_003276635.1
367,GCA_003276725.1_ASM327672v1_genomic.xml,1085,3874,0.0125396028985086,493,0.0227737517676686,466,GCA_003276725.1
368,GCA_003276735.1_ASM327673v1_genomic.xml,1085,3874,0.0125396056804768,479,0.0227737517676687,462,GCA_003276735.1
369,GCA_003276745.1_ASM327674v1_genomic.xml,1079,3865,0.012244753879062,488,0.0226617478922196,483,GCA_003276745.1
370,GCA_003276755.1_ASM327675v1_genomic.xml,1082,3874,0.0,27,0.0,144,GCA_003276755.1
371,GCA_003276845.1_ASM327684v1_genomic.xml,1082,3873,0.0123787021016304,504,0.0224976997717422,482,GCA_003276845.1
372,GCA_003276855.1_ASM327685v1_genomic.xml,1088,3875,0.0125396028985086,530,0.0227737517676686,490,GCA_003276855.1
373,GCA_003276865.1_ASM327686v1_genomic.xml,1087,3875,0.0125396028985086,530,0.0227737517676686,490,GCA_003276865.1
374,GCA_003276875.1_ASM327687v1_genomic.xml,1078,3873,0.0,42,0.0,0,GCA_003276875.1
375,GCA_003276965.1_ASM327696v1_genomic.xml,1078,3854,0.0125396028985087,503,0.0227737517676686,482,GCA_003276965.1
376,GCA_003276975.1_ASM327697v1_genomic.xml,1085,3872,0.0,155,0.0,156,GCA_003276975.1
377,GCA_003276985.1_ASM327698v1_genomic.xml,1077,3861,0.0,26,0.0,117,GCA_003276985.1
378,GCA_003276995.1_ASM327699v1_genomic.xml,1087,3872,0.0125396028985086,525,0.0227737517676687,454,GCA_003276995.1
379,GCA_003277085.1_ASM327708v1_genomic.xml,1083,3871,0.0,153,0.0,120,GCA_003277085.1
380,GCA_003277095.1_ASM327709v1_genomic.xml,1087,3872,0.0,20,0.0,0,GCA_003277095.1
381,GCA_003277105.1_ASM327710v1_genomic.xml,1083,3873,0.0125396056804767,488,0.0227737517676686,468,GCA_003277105.1
382,GCA_003277115.1_ASM327711v1_genomic.xml,1085,3873,0.0125396028985086,535,0.0227737517676687,478,GCA_003277115.1
383,GCA_003277205.1_ASM327720v1_genomic.xml,1085,3874,0.0125396028985087,516,0.0227737517676686,450,GCA_003277205.1
384,GCA_003277235.1_ASM327723v1_genomic.xml,1084,3874,0.0125396028985087,516,0.0227737517676686,450,GCA_003277235.1
385,GCA_003277245.1_ASM327724v1_genomic.xml,1080,3874,0.0125396028985087,516,0.0227737517676686,450,GCA_003277245.1
386,GCA_003277255.1_ASM327725v1_genomic.xml,1084,3874,0.0125396028985087,516,0.0227737517676686,450,GCA_003277255.1
387,GCA_003277295.1_ASM327729v1_genomic.xml,1082,3874,0.0125396028985087,516,0.0227737517676686,450,GCA_003277295.1
388,GCA_003277355.1_ASM327735v1_genomic.xml,1087,3874,0.0125396028985087,516,0.0227737517676686,450,GCA_003277355.1
389,GCA_003277365.1_ASM327736v1_genomic.xml,1083,3873,0.0125396028985086,535,0.0227737517676687,478,GCA_003277365.1
390,GCA_003277375.1_ASM327737v1_genomic.xml,1085,3872,0.0,25,0.0,0,GCA_003277375.1
391,GCA_003277385.1_ASM327738v1_genomic.xml,1083,3864,0.0,22,0.0,49,GCA_003277385.1
392,GCA_003277475.1_ASM327747v1_genomic.xml,1078,3866,0.0,61,0.0,98,GCA_003277475.1
393,GCA_003277485.1_ASM327748v1_genomic.xml,1081,3868,0.0,23,0.0,128,GCA_003277485.1
394,GCA_003277495.1_ASM327749v1_genomic.xml,1078,3868,0.0,22,0.0,116,GCA_003277495.1
395,GCA_003277505.1_ASM327750v1_genomic.xml,1081,3870,0.0,98,0.0,105,GCA_003277505.1
396,GCA_003277595.1_ASM327759v1_genomic.xml,1075,3861,0.0,29,0.0,122,GCA_003277595.1
397,GCA_003277615.1_ASM327761v1_genomic.xml,1084,3872,0.0125396028985086,502,0.0227737517676687,488,GCA_003277615.1
398,GCA_003277635.1_ASM327763v1_genomic.xml,1085,3874,0.0125396028985086,493,0.0227737517676686,466,GCA_003277635.1
399,GCA_003277645.1_ASM327764v1_genomic.xml,1083,3871,0.0125396028985086,531,0.0227737517676687,448,GCA_003277645.1
400,GCA_003277715.1_ASM327771v1_genomic.xml,1084,3873,0.0125396028985088,519,0.0227737517676687,464,GCA_003277715.1
401,GCA_003277725.1_ASM327772v1_genomic.xml,1089,3874,0.0125396028985087,516,0.0227737517676686,450,GCA_003277725.1
402,GCA_003277735.1_ASM327773v1_genomic.xml,1085,3874,0.0125396028985087,516,0.0227737517676686,450,GCA_003277735.1
403,GCA_003277755.1_ASM327775v1_genomic.xml,1084,3873,0.0125396028985086,535,0.0227737517676687,478,GCA_003277755.1
404,GCA_003277815.1_ASM327781v1_genomic.xml,1077,3866,0.0,28,0.0,116,GCA_003277815.1
405,GCA_003277865.1_ASM327786v1_genomic.xml,1079,3870,0.0,98,0.0,105,GCA_003277865.1
406,GCA_003277875.1_ASM327787v1_genomic.xml,1077,3871,0.0125396028985086,528,0.0227737517676687,501,GCA_003277875.1
407,GCA_003326515.1_ASM332651v1_genomic.xml,1066,3860,0.0,21,0.0,0,GCA_003326515.1
408,GCA_003326525.1_ASM332652v1_genomic.xml,1083,3874,0.0125396056804767,478,0.0227737517676686,472,GCA_003326525.1
409,GCA_003326555.1_ASM332655v1_genomic.xml,1082,3872,0.0,137,0.0,141,GCA_003326555.1
410,GCA_003326565.1_ASM332656v1_genomic.xml,1032,3812,0.0,48,0.0,129,GCA_003326565.1
411,GCA_017864775.1_ASM1786477v1_genomic.xml,1065,3859,,481,0.0,0,GCA_017864775.1
412,GCA_017864785.1_ASM1786478v1_genomic.xml,1064,3859,,481,0.0,0,GCA_017864785.1
413,GCA_017864795.1_ASM1786479v1_genomic.xml,1062,3856,,494,0.0,0,GCA_017864795.1
414,GCA_017864805.1_ASM1786480v1_genomic.xml,1068,3873,0.0,22,0.0,0,GCA_017864805.1
415,GCA_017864825.1_ASM1786482v1_genomic.xml,1066,3860,0.0,29,0.0,0,GCA_017864825.1
416,GCA_017864915.1_ASM1786491v1_genomic.xml,1069,3872,0.0,20,0.0,0,GCA_017864915.1
417,GCA_017864925.1_ASM1786492v1_genomic.xml,1067,3859,0.0,22,0.0,0,GCA_017864925.1
418,GCA_017864945.1_ASM1786494v1_genomic.xml,1063,3852,,573,0.0,0,GCA_017864945.1
419,GCA_017864975.1_ASM1786497v1_genomic.xml,1067,3871,0.0,19,0.0,0,GCA_017864975.1
420,GCA_017865125.1_ASM1786512v1_genomic.xml,1054,3853,,604,0.0,0,GCA_017865125.1
421,GCA_017865225.1_ASM1786522v1_genomic.xml,1068,3866,0.0,20,0.0,0,GCA_017865225.1
422,GCA_017865245.1_ASM1786524v1_genomic.xml,1052,3848,,550,0.0,0,GCA_017865245.1
423,GCA_017865275.1_ASM1786527v1_genomic.xml,1062,3849,0.0,20,0.0,0,GCA_017865275.1
424,GCA_017865285.1_ASM1786528v1_genomic.xml,1031,3823,,740,0.0,0,GCA_017865285.1
425,GCA_017865375.1_ASM1786537v1_genomic.xml,1050,3846,0.0,30,0.0,0,GCA_017865375.1
426,GCA_017865415.1_ASM1786541v1_genomic.xml,1050,3843,,694,0.0,0,GCA_017865415.1
427,GCA_017865475.1_ASM1786547v1_genomic.xml,1053,3836,,807,0.0,0,GCA_017865475.1
428,GCA_017865645.1_ASM1786564v1_genomic.xml,1056,3844,0.0,21,0.0,0,GCA_017865645.1
429,GCA_017865655.1_ASM1786565v1_genomic.xml,1045,3837,,618,0.0,0,GCA_017865655.1
430,GCA_017865695.1_ASM1786569v1_genomic.xml,1058,3861,0.0,27,0.0,0,GCA_017865695.1
431,GCA_017865715.1_ASM1786571v1_genomic.xml,1064,3852,0.0,19,0.0,0,GCA_017865715.1
432,GCA_017865745.1_ASM1786574v1_genomic.xml,1053,3853,,539,0.0,0,GCA_017865745.1
433,GCA_017865875.1_ASM1786587v1_genomic.xml,1067,3867,0.0,20,0.0,0,GCA_017865875.1
434,GCA_017865995.1_ASM1786599v1_genomic.xml,1068,3871,0.0,19,0.0,0,GCA_017865995.1
435,GCA_017866045.1_ASM1786604v1_genomic.xml,1040,3832,0.0,22,0.0,0,GCA_017866045.1
436,GCA_017866055.1_ASM1786605v1_genomic.xml,1059,3866,0.0,33,0.0,0,GCA_017866055.1
437,GCA_017866065.1_ASM1786606v1_genomic.xml,1048,3846,0.0,24,0.0,0,GCA_017866065.1
438,GCA_017866075.1_ASM1786607v1_genomic.xml,1038,3828,0.0,21,0.0,0,GCA_017866075.1
439,GCA_017866085.1_ASM1786608v1_genomic.xml,1059,3857,0.0,22,0.0,0,GCA_017866085.1
440,GCA_017866135.1_ASM1786613v1_genomic.xml,1055,3841,0.0,21,0.0,0,GCA_017866135.1
441,GCA_017866155.1_ASM1786615v1_genomic.xml,1062,3856,0.0,22,0.0,0,GCA_017866155.1
442,GCA_017866175.1_ASM1786617v1_genomic.xml,1046,3833,0.0,32,0.0,0,GCA_017866175.1
443,GCA_017866185.1_ASM1786618v1_genomic.xml,1057,3855,0.0,20,0.0,0,GCA_017866185.1
444,GCA_017866255.1_ASM1786625v1_genomic.xml,1071,3873,0.0,22,0.0,0,GCA_017866255.1
445,GCA_017866275.1_ASM1786627v1_genomic.xml,1057,3844,,609,0.0,0,GCA_017866275.1
446,GCA_017866305.1_ASM1786630v1_genomic.xml,1067,3855,0.0,37,0.0,0,GCA_017866305.1
447,GCA_017866315.1_ASM1786631v1_genomic.xml,1069,3870,0.0,35,0.0,0,GCA_017866315.1
448,GCA_017866385.1_ASM1786638v1_genomic.xml,1061,3856,,666,0.0,0,GCA_017866385.1
449,GCA_017866405.1_ASM1786640v1_genomic.xml,1073,3867,0.0,25,0.0,0,GCA_017866405.1
450,GCA_017866455.1_ASM1786645v1_genomic.xml,1052,3856,,374,0.0,0,GCA_017866455.1
451,GCA_017866465.1_ASM1786646v1_genomic.xml,1067,3870,0.0,35,0.0,0,GCA_017866465.1
452,GCA_017866475.1_ASM1786647v1_genomic.xml,1069,3871,0.0,19,0.0,0,GCA_017866475.1
453,GCA_017866485.1_ASM1786648v1_genomic.xml,1060,3861,0.0,21,0.0,0,GCA_017866485.1
454,GCA_017866495.1_ASM1786649v1_genomic.xml,1047,3852,0.0,42,0.0,0,GCA_017866495.1
455,GCA_017866565.1_ASM1786656v1_genomic.xml,1052,3848,0.0,20,0.0,0,GCA_017866565.1
456,GCA_017866575.1_ASM1786657v1_genomic.xml,1052,3841,0.0,35,0.0,0,GCA_017866575.1
457,GCA_017866745.1_ASM1786674v1_genomic.xml,1064,3858,,629,0.0,0,GCA_017866745.1
458,GCA_017866755.1_ASM1786675v1_genomic.xml,1062,3852,0.0,21,0.0,0,GCA_017866755.1
459,GCA_017866845.1_ASM1786684v1_genomic.xml,1069,3862,0.0,41,0.0,0,GCA_017866845.1
460,GCA_017866945.1_ASM1786694v1_genomic.xml,1062,3856,0.0,20,0.0,0,GCA_017866945.1
461,GCA_017866955.1_ASM1786695v1_genomic.xml,1061,3860,,547,0.0,0,GCA_017866955.1
462,GCA_017866995.1_ASM1786699v1_genomic.xml,1069,3873,0.0,22,0.0,0,GCA_017866995.1
463,GCA_017867005.1_ASM1786700v1_genomic.xml,1056,3851,0.0,21,0.0,0,GCA_017867005.1
464,GCA_017867015.1_ASM1786701v1_genomic.xml,1073,3864,0.0,21,0.0,0,GCA_017867015.1
465,GCA_017867205.1_ASM1786720v1_genomic.xml,1042,3838,,445,0.0,0,GCA_017867205.1
466,GCA_017867255.1_ASM1786725v1_genomic.xml,1060,3864,0.0,22,0.0,0,GCA_017867255.1
467,GCA_017867285.1_ASM1786728v1_genomic.xml,1061,3862,0.0,38,0.0,0,GCA_017867285.1
468,GCA_017867295.1_ASM1786729v1_genomic.xml,1066,3863,0.0,21,0.0,0,GCA_017867295.1
469,GCA_017867305.1_ASM1786730v1_genomic.xml,1056,3859,,605,0.0,0,GCA_017867305.1
470,GCA_017867515.1_ASM1786751v1_genomic.xml,1071,3871,0.0,19,0.0,0,GCA_017867515.1
471,GCA_017867525.1_ASM1786752v1_genomic.xml,1070,3859,0.0,21,0.0,0,GCA_017867525.1
472,GCA_017867555.1_ASM1786755v1_genomic.xml,1029,3612,0.0,25,0.0,0,GCA_017867555.1
473,GCA_017867585.1_ASM1786758v1_genomic.xml,1024,3609,,464,0.0,0,GCA_017867585.1
474,GCA_017867595.1_ASM1786759v1_genomic.xml,1053,3775,,616,0.0,0,GCA_017867595.1
475,GCA_017867735.1_ASM1786773v1_genomic.xml,1054,3847,0.0,24,0.0,0,GCA_017867735.1
476,GCA_017867755.1_ASM1786775v1_genomic.xml,1057,3856,,505,0.0,0,GCA_017867755.1
477,GCA_017867835.1_ASM1786783v1_genomic.xml,1054,3860,,756,0.0,0,GCA_017867835.1
478,GCA_017867885.1_ASM1786788v1_genomic.xml,1054,3851,,615,0.0,0,GCA_017867885.1
479,GCA_017867915.1_ASM1786791v1_genomic.xml,1057,3860,0.0,21,0.0,0,GCA_017867915.1
480,GCA_017867955.1_ASM1786795v1_genomic.xml,1051,3852,0.0,22,0.0,0,GCA_017867955.1
481,GCA_017867995.1_ASM1786799v1_genomic.xml,1067,3856,0.0,22,0.0,0,GCA_017867995.1
482,GCA_017868025.1_ASM1786802v1_genomic.xml,1015,3594,0.0,25,0.0,0,GCA_017868025.1
483,GCA_017868065.1_ASM1786806v1_genomic.xml,1034,3640,0.0,22,0.0,0,GCA_017868065.1
484,GCA_017868075.1_ASM1786807v1_genomic.xml,1011,3590,0.0,22,0.0,0,GCA_017868075.1
485,GCA_017868145.1_ASM1786814v1_genomic.xml,961,3555,,457,0.0,0,GCA_017868145.1
486,GCA_017868155.1_ASM1786815v1_genomic.xml,1018,3597,0.0,22,0.0,0,GCA_017868155.1
487,GCA_017868165.1_ASM1786816v1_genomic.xml,1014,3593,0.0,21,0.0,0,GCA_017868165.1
488,GCA_017868175.1_ASM1786817v1_genomic.xml,964,3547,,531,0.0,0,GCA_017868175.1
489,GCA_017868185.1_ASM1786818v1_genomic.xml,1011,3591,0.0,23,0.0,0,GCA_017868185.1
490,GCA_017868345.1_ASM1786834v1_genomic.xml,1014,3596,0.0,25,0.0,0,GCA_017868345.1
491,GCA_017868355.1_ASM1786835v1_genomic.xml,1017,3600,0.0,20,0.0,0,GCA_017868355.1
492,GCA_017868485.1_ASM1786848v1_genomic.xml,1054,3842,0.0,20,0.0,0,GCA_017868485.1
493,GCA_017868655.1_ASM1786865v1_genomic.xml,1053,3850,0.0,20,0.0,0,GCA_017868655.1
494,GCA_017868835.1_ASM1786883v1_genomic.xml,988,3773,,351,0.0,0,GCA_017868835.1
495,GCA_017868915.1_ASM1786891v1_genomic.xml,1021,3642,,601,0.0,0,GCA_017868915.1
496,GCA_017868925.1_ASM1786892v1_genomic.xml,1047,3776,,727,0.0,0,GCA_017868925.1
497,GCA_017868975.1_ASM1786897v1_genomic.xml,1046,3770,,335,0.0,0,GCA_017868975.1
498,GCA_017869095.1_ASM1786909v1_genomic.xml,1060,3671,0.0,43,0.0,0,GCA_017869095.1
499,GCA_017869105.1_ASM1786910v1_genomic.xml,1052,3775,0.0,22,0.0,0,GCA_017869105.1
500,GCA_017869165.1_ASM1786916v1_genomic.xml,1058,3661,0.0,31,0.0,0,GCA_017869165.1
501,GCA_017869305.1_ASM1786930v1_genomic.xml,1034,3837,,525,0.0,0,GCA_017869305.1
502,GCA_017869315.1_ASM1786931v1_genomic.xml,987,3778,,646,0.0,0,GCA_017869315.1
503,GCA_017869325.1_ASM1786932v1_genomic.xml,1060,3661,0.0,31,0.0,0,GCA_017869325.1
504,GCA_017869335.1_ASM1786933v1_genomic.xml,1051,3848,0.0,21,0.0,0,GCA_017869335.1
505,GCA_017869405.1_ASM1786940v1_genomic.xml,1036,3833,,477,0.0,0,GCA_017869405.1
506,GCA_017869445.1_ASM1786944v1_genomic.xml,1060,3856,,594,0.0,0,GCA_017869445.1
507,GCA_017869495.1_ASM1786949v1_genomic.xml,1051,3841,,615,0.0,0,GCA_017869495.1
508,GCA_017869545.1_ASM1786954v1_genomic.xml,1048,3845,,415,0.0,0,GCA_017869545.1
509,GCA_017869555.1_ASM1786955v1_genomic.xml,999,3730,,523,0.0,0,GCA_017869555.1
510,GCA_017869615.1_ASM1786961v1_genomic.xml,1061,3854,0.0,21,0.0,0,GCA_017869615.1
511,GCA_017869625.1_ASM1786962v1_genomic.xml,1040,3847,0.0,19,0.0,0,GCA_017869625.1
512,GCA_017869635.1_ASM1786963v1_genomic.xml,1059,3852,,612,0.0,0,GCA_017869635.1
513,GCA_017869715.1_ASM1786971v1_genomic.xml,1045,3847,0.0,20,0.0,0,GCA_017869715.1
514,GCA_017869735.1_ASM1786973v1_genomic.xml,1063,3856,0.0,22,0.0,0,GCA_017869735.1
515,GCA_017869745.1_ASM1786974v1_genomic.xml,1045,3840,0.0,22,0.0,0,GCA_017869745.1
516,GCA_017869765.1_ASM1786976v1_genomic.xml,1060,3853,0.0,24,0.0,0,GCA_017869765.1
517,GCA_017869795.1_ASM1786979v1_genomic.xml,1056,3660,0.0,34,0.0,0,GCA_017869795.1
518,GCA_017869965.1_ASM1786996v1_genomic.xml,1015,3596,,490,0.0,0,GCA_017869965.1
519,GCA_017869985.1_ASM1786998v1_genomic.xml,1028,3611,,502,0.0,0,GCA_017869985.1
520,GCA_017870085.1_ASM1787008v1_genomic.xml,1027,3612,,544,0.0,0,GCA_017870085.1
521,GCA_017870115.1_ASM1787011v1_genomic.xml,1051,3851,0.0,22,0.0,0,GCA_017870115.1
522,GCA_017870125.1_ASM1787012v1_genomic.xml,1055,3853,0.0,22,0.0,0,GCA_017870125.1
523,GCA_017870425.1_ASM1787042v1_genomic.xml,1050,3851,0.0,20,0.0,0,GCA_017870425.1
524,GCA_017870435.1_ASM1787043v1_genomic.xml,1035,3838,,653,0.0,0,GCA_017870435.1
525,GCA_017870445.1_ASM1787044v1_genomic.xml,1009,3790,,624,0.0,0,GCA_017870445.1
526,GCA_017870455.1_ASM1787045v1_genomic.xml,1030,3794,,539,0.0,0,GCA_017870455.1
527,GCA_017870595.1_ASM1787059v1_genomic.xml,1043,3842,,605,0.0,0,GCA_017870595.1
528,GCA_017870715.1_ASM1787071v1_genomic.xml,1041,3832,0.0,22,0.0,0,GCA_017870715.1
529,GCA_017870815.1_ASM1787081v1_genomic.xml,1011,3785,,589,0.0,0,GCA_017870815.1
530,GCA_017870925.1_ASM1787092v1_genomic.xml,1041,3837,0.0,20,0.0,0,GCA_017870925.1
531,GCA_017870945.1_ASM1787094v1_genomic.xml,1061,3854,0.0,20,0.0,0,GCA_017870945.1
532,GCA_017870955.1_ASM1787095v1_genomic.xml,1035,3841,,547,0.0,0,GCA_017870955.1
533,GCA_017871015.1_ASM1787101v1_genomic.xml,1045,3844,,646,0.0,0,GCA_017871015.1
534,GCA_017871025.1_ASM1787102v1_genomic.xml,1017,3601,,426,0.0,0,GCA_017871025.1
535,GCA_017871065.1_ASM1787106v1_genomic.xml,1013,3755,0.0,22,0.0,0,GCA_017871065.1
536,GCA_017871085.1_ASM1787108v1_genomic.xml,1035,3810,0.0,28,0.0,0,GCA_017871085.1
537,GCA_019393555.1_ASM1939355v1_genomic.xml,1049,3842,,545,0.0,0,GCA_019393555.1
538,GCA_019393615.1_ASM1939361v1_genomic.xml,1045,3843,0.0,20,0.0,0,GCA_019393615.1
539,GCA_019393625.1_ASM1939362v1_genomic.xml,1036,3831,,596,0.0,0,GCA_019393625.1
540,GCA_019393785.1_ASM1939378v1_genomic.xml,1042,3834,,622,0.0,0,GCA_019393785.1
541,GCA_019393865.1_ASM1939386v1_genomic.xml,1047,3841,,591,0.0,0,GCA_019393865.1
542,GCA_019393935.1_ASM1939393v1_genomic.xml,1032,3818,0.0,22,0.0,0,GCA_019393935.1
543,GCA_019393945.1_ASM1939394v1_genomic.xml,1035,3837,,631,0.0,0,GCA_019393945.1
544,GCA_019393955.1_ASM1939395v1_genomic.xml,1039,3843,,589,0.0,0,GCA_019393955.1
545,GCA_019393975.1_ASM1939397v1_genomic.xml,1034,3840,,642,0.0,0,GCA_019393975.1
546,GCA_019394065.1_ASM1939406v1_genomic.xml,873,3575,,10,0.0,0,GCA_019394065.1
547,GCA_019394075.1_ASM1939407v1_genomic.xml,1022,3831,,610,0.0,0,GCA_019394075.1
548,GCA_019394085.1_ASM1939408v1_genomic.xml,1047,3843,,617,0.0,0,GCA_019394085.1
549,GCA_019394095.1_ASM1939409v1_genomic.xml,1043,3835,0.0,21,0.0,0,GCA_019394095.1
550,GCA_019394105.1_ASM1939410v1_genomic.xml,1048,3842,0.0,38,0.0,0,GCA_019394105.1
551,GCA_019394265.1_ASM1939426v1_genomic.xml,1029,3830,,744,0.0,0,GCA_019394265.1
552,GCA_019394275.1_ASM1939427v1_genomic.xml,1053,3834,0.0,21,0.0,0,GCA_019394275.1
553,GCA_019394305.1_ASM1939430v1_genomic.xml,1027,3821,,231,0.0,0,GCA_019394305.1
554,GCA_019394315.1_ASM1939431v1_genomic.xml,1053,3838,,577,0.0,0,GCA_019394315.1
555,GCA_019394325.1_ASM1939432v1_genomic.xml,1056,3847,0.0125396028985087,503,0.0227737517676687,484,GCA_019394325.1
556,GCA_019394485.1_ASM1939448v1_genomic.xml,909,3669,,565,0.0,0,GCA_019394485.1
557,GCA_019394495.1_ASM1939449v1_genomic.xml,946,3688,,539,0.0,0,GCA_019394495.1
558,GCA_019394525.1_ASM1939452v1_genomic.xml,1045,3847,0.0,22,0.0,0,GCA_019394525.1
559,GCA_019394535.1_ASM1939453v1_genomic.xml,839,3319,,486,0.0,0,GCA_019394535.1
560,GCA_019394585.1_ASM1939458v1_genomic.xml,1053,3854,0.0,34,0.0,0,GCA_019394585.1
561,GCA_019394645.1_ASM1939464v1_genomic.xml,1029,3829,,619,0.0,0,GCA_019394645.1
562,GCA_019394655.1_ASM1939465v1_genomic.xml,1040,3837,0.0,34,0.0,0,GCA_019394655.1
563,GCA_019394665.1_ASM1939466v1_genomic.xml,1029,3830,,714,0.0,0,GCA_019394665.1
564,GCA_019394675.1_ASM1939467v1_genomic.xml,1040,3843,0.0,22,0.0,0,GCA_019394675.1
565,GCA_019394725.1_ASM1939472v1_genomic.xml,839,3469,,10,0.0,0,GCA_019394725.1
566,GCA_019394775.1_ASM1939477v1_genomic.xml,1046,3839,0.0,22,0.0,0,GCA_019394775.1
567,GCA_019394785.1_ASM1939478v1_genomic.xml,1040,3834,0.0,34,0.0,0,GCA_019394785.1
568,GCA_019394805.1_ASM1939480v1_genomic.xml,1061,3857,0.0,151,0.0,145,GCA_019394805.1
569,GCA_019394815.1_ASM1939481v1_genomic.xml,1042,3840,0.0,22,0.0,0,GCA_019394815.1
